t,q,qd,tau_applied
4.786638975143433,0.0,0.0,0.0
4.791612386703491,0.0012991268967224865,0.4157138340204618,0.0
4.7962377071380615,0.004199959147201305,0.7896800967074895,0.0
4.80052375793457,0.008523596411879464,1.1203016933316199,0.0
4.805112838745117,0.014086157189911998,1.4065167428618612,0.0
4.810052871704102,0.02069914160355718,1.6472068421017738,0.0
4.8145833015441895,0.028171335110617333,1.8418848480494263,0.0
4.819045782089233,0.03631409346693501,1.991544438757963,0.0
4.823881387710571,0.04494413538015598,2.0975778196196795,0.0
4.8293256759643555,0.05388497877728924,2.1617009890533825,0.0
4.834287405014038,0.06296883641317319,2.186124716492957,0.0
4.838774919509888,0.07204226206265044,2.1746960772382775,0.0
4.843541622161865,0.0809688797178982,2.1315885679751516,0.0
4.8482654094696045,0.08962804198659385,2.06043801949442,0.0
4.852681398391724,0.09791539763491708,1.965239842623093,0.0
4.857393980026245,0.10574366287086387,1.850117781981138,0.0
4.862112998962402,0.1130403096660749,1.7184164572904894,0.0
4.866533517837524,0.11974678785216876,1.5734914837348999,0.0
4.871247291564941,0.1258183936458696,1.4186544435865778,0.0
4.876288890838623,0.13122153931357364,1.2563605478646964,0.0
4.880603790283203,0.13593190959782517,1.0887602021275506,0.0
4.88505744934082,0.1399361604415313,0.9186482653133762,0.0
4.88982629776001,0.1432293188963065,0.7477755050930182,0.0
4.894469976425171,0.14581259617419606,0.5775395844134669,0.0
4.898789405822754,0.14769366794143868,0.4095449084470998,0.0
4.903554677963257,0.14888688388101823,0.24539427829075694,0.0
4.9096150398254395,0.14941077208106657,0.08589249982079077,0.0
4.913996458053589,0.14928473184134847,-0.06894884885760576,0.0
4.918353796005249,0.1485358996835663,-0.2166567583544911,0.0
4.923116207122803,0.14719682912443652,-0.3563206482822838,0.0
4.927860975265503,0.14530249022901515,-0.48747074181736905,0.0
4.932206392288208,0.14289074202746105,-0.6093388057003004,0.0
4.936891317367554,0.14000340805463055,-0.7209118982983795,0.0
4.9419920444488525,0.1366842603830357,-0.8219046462880544,0.0
4.946624040603638,0.13297783322047868,-0.9121687983728924,0.0
4.951048135757446,0.1289314254124391,-0.9908688843386745,0.0
4.955779552459717,0.1245947348772411,-1.057516494353911,0.0
4.960745573043823,0.12001771105112213,-1.1121952534158814,0.0
4.965283155441284,0.11524981397580025,-1.1550347450086405,0.0
4.9696173667907715,0.11034143187090774,-1.1856949828274126,0.0
4.9746692180633545,0.10534326566894356,-1.2041903827201115,0.0
4.979282379150391,0.10030289873401994,-1.2115155741575196,0.0
4.983675956726074,0.09526671351832723,-1.20772274806849,0.0
4.9885783195495605,0.09027977623007404,-1.1932165284586587,0.0
4.993280410766602,0.08538294689828552,-1.1692090836163282,0.0
4.9975645542144775,0.0806138135507923,-1.1363428088713765,0.0
5.001943588256836,0.07600759685647494,-1.0951609795962436,0.0
5.00663161277771,0.07159544199237725,-1.0467869761126571,0.0
5.011398077011108,0.06740302117700772,-0.9925974895510392,0.0
5.015740156173706,0.06345090679717696,-0.9337649546286395,0.0
5.02059006690979,0.05975626777682579,-0.8709869739918764,0.0
5.025285005569458,0.05633054481862592,-0.8058641996506615,0.0
5.029565334320068,0.05318069005884427,-0.7392986486532767,0.0
5.034119606018066,0.05031079925642337,-0.671903339732841,0.0
5.038928031921387,0.04772045013360474,-0.6049197649743835,0.0
5.0436601638793945,0.045404395510300545,-0.5394778134620156,0.0
5.047984600067139,0.04335399777726346,-0.4762855607591281,0.0
5.052308797836304,0.041558936992255796,-0.4156452277509543,0.0
5.056946277618408,0.04000659627854416,-0.35819119011892736,0.0
5.0615715980529785,0.03868105746937262,-0.30476843517164054,0.0
5.065886974334717,0.03756423941551428,-0.2557874133297674,0.0
5.070619821548462,0.036637545886018766,-0.21127615913994705,0.0
5.0755295753479,0.03588026237351315,-0.17190328134534197,0.0
5.079837322235107,0.03526999361159086,-0.13798376353327774,0.0
5.084223747253418,0.03478570386147719,-0.1089775972267862,0.0
5.088877201080322,0.03440662593243823,-0.0849789337586041,0.0
5.093583106994629,0.034111260590989914,-0.06619068918684415,0.0
5.097922086715698,0.03387817952844348,-0.05252255515452128,0.0
5.102359294891357,0.03368779724341149,-0.04341498444161686,0.0
5.106997489929199,0.03352150360077791,-0.038742409307726586,0.0
5.111577749252319,0.03336105120303127,-0.03843063866542951,0.0
5.115880489349365,0.03318944884430333,-0.04210245641618071,0.0
5.1205034255981445,0.03299201780445275,-0.049143633083068725,0.0
5.1256303787231445,0.03275481258054896,-0.05952428474117011,0.0
5.130000829696655,0.03246357877251983,-0.07335323442007646,0.0
5.134394884109497,0.03210760616681321,-0.08946008873203198,0.0
5.139219284057617,0.03167850554530419,-0.10749224018550124,0.0
5.144231796264648,0.031168112695111272,-0.12749521389255483,0.0
5.1485276222229,0.030568899387011763,-0.1492503217479295,0.0
5.152877330780029,0.029877023758291633,-0.17165078499942035,0.0
5.157682418823242,0.029090678356013536,-0.1944145110655901,0.0
5.162344217300415,0.02820795667528479,-0.21766723587766482,0.0
5.166628360748291,0.027228303154576,-0.24093470929404306,0.0
5.171270370483398,0.02615374690207139,-0.26354788671901314,0.0
5.176591873168945,0.024986680763187094,-0.28561342522671396,0.0
5.180983304977417,0.023728073285226577,-0.30755157782706477,0.0
5.18540620803833,0.022382156245962806,-0.32817789076326315,0.0
5.190116882324219,0.020954834281142268,-0.34735194287860743,0.0
5.195051908493042,0.019451723097100103,-0.3652130299792111,0.0
5.199402332305908,0.017878031951261187,-0.38184478631965835,0.0
5.203740119934082,0.016241073393814164,-0.39654620770677407,0.0
5.208539247512817,0.014549089085079294,-0.4092537173100707,0.0
5.213338136672974,0.01280903444814367,-0.4204001625576044,0.0
5.217632055282593,0.011027515010690199,-0.4299531887194736,0.0
5.222202777862549,0.009212751569933526,-0.4374066584943991,0.0
5.227253437042236,0.0073724660385594805,-0.4430890146152372,0.0
5.231572389602661,0.005512387752192148,-0.4475284178571139,0.0
5.23602032661438,0.003639848798197944,-0.4500358363951012,0.0
5.2408552169799805,0.0017621603547192926,-0.4508477211306078,0.0
5.245523691177368,-0.00011516392297537597,-0.4504604756072814,0.0
5.249866247177124,-0.001986906673924772,-0.44880340413434006,0.0
5.2541468143463135,-0.003847132847829741,-0.4456704075919167,0.0
5.258928060531616,-0.005689973242806615,-0.44115127447944236,0.0
5.263769149780273,-0.007511708317851314,-0.4359039816303783,0.0
5.268108129501343,-0.009309875213583993,-0.430111310931982,0.0
5.272740602493286,-0.011081015974633809,-0.4233938887222897,0.0
5.2778871059417725,-0.012822678519834551,-0.4162000703541965,0.0
5.2825376987457275,-0.01453487525897909,-0.40916902990335513,0.0
5.287031412124634,-0.016217002513749093,-0.4018905472384971,0.0
5.291842699050903,-0.0178679022937934,-0.3943239890111555,0.0
5.296510457992554,-0.019487735341917067,-0.38690488898695874,0.0
5.300851106643677,-0.021076942569445235,-0.3795777229653644,0.0
5.305582523345947,-0.02263517543772501,-0.37210838012356173,0.0
5.310458421707153,-0.024163389466047423,-0.3649921812157416,0.0
5.314816951751709,-0.025663710437351057,-0.3584385047104356,0.0
5.31931734085083,-0.027137019079519157,-0.3519791604780658,0.0
5.32413649559021,-0.028584388530751563,-0.34583176489193657,0.0
5.328929901123047,-0.03000827963287811,-0.3403678357592444,0.0
5.333215951919556,-0.03141152074393989,-0.3355811514837298,0.0
5.337546110153198,-0.03279540210429619,-0.3309816113621531,0.0
5.342253684997559,-0.03416098204250697,-0.3266583479238525,0.0
5.346994876861572,-0.03551068469178012,-0.3230186906706532,0.0
5.351389646530151,-0.03684744584117222,-0.3200906098066302,0.0
5.356090545654297,-0.038173111230186,-0.31751598814409365,0.0
5.360909700393677,-0.03949011458357973,-0.3156023173374743,0.0
5.365235805511475,-0.04080149124139821,-0.3144396276650866,0.0
5.36950421333313,-0.04210871908060578,-0.3134995603188094,0.0
5.374128580093384,-0.04341253071228713,-0.312719723578903,0.0
5.378877639770508,-0.04471467769814195,-0.31244695051089677,0.0
5.383193254470825,-0.04601754181217349,-0.31276731352125736,0.0
5.387894868850708,-0.04732210571202755,-0.3132044467318898,0.0
5.3927366733551025,-0.04862998991016315,-0.3141211904839468,0.0
5.39725923538208,-0.04994346563091934,-0.3156048443027549,0.0
5.4015655517578125,-0.051263716432590256,-0.3172782941414339,0.0
5.406244993209839,-0.05259075325165966,-0.31889199892296205,0.0
5.411130905151367,-0.0539254119651411,-0.32079306723493833,0.0
5.415470123291016,-0.0552693690696785,-0.3231348085626477,0.0
5.419832229614258,-0.056622585329872736,-0.3253171596014985,0.0
5.424685716629028,-0.057984410891477746,-0.3273446884150891,0.0
5.429314136505127,-0.059355647459246846,-0.32968032099409034,0.0
5.433590888977051,-0.06073671860347016,-0.332048822350991,0.0
5.438042879104614,-0.06212658179852228,-0.33407280307216514,0.0
5.442825078964233,-0.06352432933974007,-0.33592114173473203,0.0
5.447416067123413,-0.06493019326241496,-0.33790224207992825,0.0
5.451977729797363,-0.06634402831623663,-0.3397926358108377,0.0
5.456771373748779,-0.0677653068397166,-0.34154442077677905,0.0
5.461384296417236,-0.06919410942229703,-0.34336816961954164,0.0
5.4657065868377686,-0.07063009191648788,-0.3450578317778948,0.0
5.470087051391602,-0.0720717759187255,-0.34631914519000057,0.0
5.474736213684082,-0.07351759846114403,-0.34722308602528007,0.0
5.479509115219116,-0.07496692331800181,-0.3480425205066293,0.0
5.4838197231292725,-0.07641975128572474,-0.34889036160782855,0.0
5.488248109817505,-0.07787476436256859,-0.34930704789985945,0.0
5.49295711517334,-0.07933060065259499,-0.34943162720910725,0.0
5.4975762367248535,-0.0807869429270647,-0.3495520163054089,0.0
5.502095460891724,-0.08224349421335655,-0.349578786511334,0.0
5.506859064102173,-0.08369958085424056,-0.34942120973796026,0.0
5.511491298675537,-0.08515520790636122,-0.3493266571688396,0.0
5.515826225280762,-0.08661022813024194,-0.3491640034545195,0.0
5.520149230957031,-0.08806348962722736,-0.348655495260892,0.0
5.524766683578491,-0.08951361340666922,-0.34782099414414785,0.0
5.529478311538696,-0.09096021984876232,-0.3469736211283394,0.0
5.533752918243408,-0.0924035640345832,-0.3462121453772655,0.0
5.538126468658447,-0.09384271469083108,-0.3451241110262934,0.0
5.542850732803345,-0.09527671882024587,-0.3438399464675302,0.0
5.547473669052124,-0.09670588413425432,-0.34271955423917605,0.0
5.551886320114136,-0.09813059263664138,-0.34166683104587026,0.0
5.556679964065552,-0.09955052707154473,-0.34049006905922796,0.0
5.561394691467285,-0.10096635683110307,-0.3395687795341396,0.0
5.565725088119507,-0.10237888256723318,-0.3388185573541335,0.0
5.570103406906128,-0.10378767525755707,-0.33787410316179534,0.0
5.574774980545044,-0.1051921422711799,-0.33680473718007387,0.0
5.5794758796691895,-0.10659268159226991,-0.3359042993992197,0.0
5.583791255950928,-0.10799006919841395,-0.33519585878868563,0.0
5.588165998458862,-0.10938396087245197,-0.33431335063088374,0.0
5.592877149581909,-0.1107738722687847,-0.3333338579234275,0.0
5.597428798675537,-0.1121604252847547,-0.33258562590645596,0.0
5.601794958114624,-0.11354408911371647,-0.3319104839777721,0.0
5.606775999069214,-0.11492463529767478,-0.3311379114277307,0.0
5.611443281173706,-0.11630346959007244,-0.3308475208966569,0.0
5.615756034851074,-0.11768158823910076,-0.3307152763414158,0.0
5.62008261680603,-0.11905859451976292,-0.3304034446081758,0.0
5.624805688858032,-0.12043382663213242,-0.3299396937853557,0.0
5.629490613937378,-0.12180782743259524,-0.32970020546657286,0.0
5.633815050125122,-0.12318136943857777,-0.3296331798691829,0.0
5.638098955154419,-0.12455410064307314,-0.32939610889153437,0.0
5.642841339111328,-0.12592523905268058,-0.3289654888810512,0.0
5.6474480628967285,-0.1272953280417284,-0.32877315636667087,0.0
5.651919364929199,-0.12866491908944905,-0.32867790273485964,0.0
5.656768798828125,-0.13003400690846081,-0.32854863082723745,0.0
5.661542177200317,-0.13140351509091464,-0.32872615895157525,0.0
5.665864944458008,-0.13277441892036007,-0.3291135345087691,0.0
5.670176982879639,-0.134146258611336,-0.329283941888186,0.0
5.674763202667236,-0.13551813599356574,-0.3292392586219471,0.0
5.679455757141113,-0.13688996116820215,-0.3292374360455661,0.0
5.683767318725586,-0.13826218783974772,-0.32936648762187176,0.0
5.688366889953613,-0.1396342601372168,-0.32927413220054313,0.0
5.6934802532196045,-0.1410060977030887,-0.3292297911538464,0.0
5.697970151901245,-0.14237929664073992,-0.32968007266867544,0.0
5.702403783798218,-0.14375405809839611,-0.33003001245911956,0.0
5.707168817520142,-0.14512980982819687,-0.3302302950642179,0.0
5.7119715213775635,-0.14650685246878223,-0.3305765835636,0.0
5.716290235519409,-0.14788583848529435,-0.33108298709756784,0.0
5.720602989196777,-0.14926604930783902,-0.3313062055982995,0.0
5.725337266921997,-0.15064633688754378,-0.33125644248857605,0.0
5.7299840450286865,-0.15202676147991606,-0.33131684260722527,0.0
5.734291315078735,-0.15340750623281,-0.33139915475611736,0.0
5.7388176918029785,-0.15478772819161393,-0.33120450761598724,0.0
5.743770122528076,-0.15616692421303088,-0.33094111267929227,0.0
5.748360872268677,-0.15754596498579573,-0.3309791412458725,0.0
5.752734422683716,-0.15892505529147938,-0.33098232717300324,0.0
5.757553339004517,-0.16030346752328545,-0.3307643510735036,0.0
5.762208938598633,-0.16168151351465435,-0.3307197606444856,0.0
5.76647424697876,-0.1630594316902692,-0.33069371845748974,0.0
5.77085018157959,-0.1644362520077493,-0.3303511854719855,0.0
5.77578592300415,-0.1658110232504198,-0.32980972436155936,0.0
5.780596971511841,-0.16718444442048724,-0.32955809879816567,0.0
5.785053014755249,-0.16855732535970155,-0.32946905005818117,0.0
5.789670705795288,-0.16992936803062428,-0.32923053647798645,0.0
5.794404745101929,-0.17130040321704018,-0.32898764920981893,0.0
5.799179553985596,-0.17267071322838362,-0.3288365277023139,0.0
5.803574800491333,-0.17404075802306646,-0.32880199576800634,0.0
5.808328151702881,-0.1754100035245757,-0.3285578024025157,0.0
5.813084125518799,-0.1767785451990729,-0.32841394438293114,0.0
5.817532062530518,-0.17814677723645714,-0.32836278407240976,0.0
5.822498083114624,-0.17951426392316314,-0.32814138300242573,0.0
5.827361583709717,-0.18088165526596364,-0.3281845868684638,0.0
5.831721305847168,-0.18224971652922367,-0.32838450852101847,0.0
5.836041212081909,-0.18361776417222547,-0.3283136010434302,0.0
5.84073543548584,-0.18498462140999697,-0.3279564052399957,0.0
5.845436096191406,-0.18635010718997216,-0.3276365934023556,0.0
5.84975528717041,-0.18771438340248076,-0.32735612433329114,0.0
5.85450291633606,-0.18907664434785484,-0.3268048227638787,0.0
5.859548568725586,-0.1904369032220631,-0.3263478973224392,0.0
5.864071846008301,-0.1917962782568348,-0.3262172675164978,0.0
5.868443489074707,-0.19315474596057441,-0.3259705062378843,0.0
5.873128175735474,-0.19451146872913058,-0.3254944615528385,0.0
5.877969980239868,-0.19586632139325688,-0.3250546993203873,0.0
5.882298707962036,-0.19721983620239966,-0.32477312039753636,0.0
5.8866400718688965,-0.1985713722802485,-0.324233877279281,0.0
5.891473054885864,-0.1999199516452752,-0.32346755804071414,0.0
5.896087169647217,-0.20126589381304943,-0.32287903520950306,0.0
5.9005208015441895,-0.202609373749769,-0.3222872988568067,0.0
5.905142068862915,-0.20394994840252548,-0.3215549046744796,0.0
5.910064697265625,-0.20528752962856153,-0.3208411352759173,0.0
5.9144275188446045,-0.20662292851377267,-0.3203806230506183,0.0
5.918802976608276,-0.20795580056218854,-0.31972560931048766,0.0
5.923584461212158,-0.2092854189496572,-0.318902836519565,0.0
5.928285121917725,-0.21061210681520254,-0.3182392735108547,0.0
5.932568550109863,-0.21193630865761873,-0.317664904537939,0.0
5.936863660812378,-0.2132573928836167,-0.3168588067274852,0.0
5.9417173862457275,-0.21457448802685264,-0.31585107213022656,0.0
5.946369886398315,-0.21588813658028816,-0.3150839926596526,0.0
5.950840473175049,-0.21719882744370989,-0.31439320020034645,0.0
5.955763339996338,-0.21850644566062077,-0.3136402410483795,0.0
5.960505962371826,-0.2198118131815909,-0.31317090726199837,0.0
5.964884281158447,-0.22111563142506155,-0.31283153911937117,0.0
5.969262361526489,-0.2224175663976681,-0.31234206926558106,0.0
5.973928928375244,-0.22371702827962855,-0.31171388712424225,0.0
5.978568077087402,-0.22501414139666623,-0.3111716478813105,0.0
5.982848167419434,-0.2263091862014031,-0.3106905144786514,0.0
5.987526893615723,-0.22760158504423708,-0.3100042579616168,0.0
5.992785930633545,-0.22889144621659044,-0.30942092103527413,0.0
5.997353553771973,-0.23018049894392528,-0.3093564836413475,0.0
6.001688241958618,-0.23146921363674314,-0.3092698005116742,0.0
6.006373882293701,-0.23275696558247896,-0.3089906846029539,0.0
6.01119327545166,-0.23404377896786865,-0.3087833598596158,0.0
6.015489339828491,-0.2353302289509914,-0.30873612402034695,0.0
6.019813299179077,-0.23661576613596855,-0.3084598557698502,0.0
6.024473428726196,-0.23789954298396448,-0.3079887074498882,0.0
6.029276132583618,-0.23918153640577353,-0.3075750415187119,0.0
6.0336012840271,-0.24046228722559437,-0.30731524440474917,0.0
6.038135766983032,-0.24174134543093131,-0.30686027698881335,0.0
6.043089151382446,-0.24301839979395579,-0.30637071674215605,0.0
6.0474326610565186,-0.24429423065871747,-0.3061422929859597,0.0
6.051791667938232,-0.24556853330485423,-0.3057294705842114,0.0
6.056580305099487,-0.24684061162656165,-0.30515535243626235,0.0
6.061245918273926,-0.24811076168607168,-0.30472963003379056,0.0
6.065530300140381,-0.24937930331755698,-0.30435682300046135,0.0
6.0698792934417725,-0.25064562382557404,-0.3037704090214311,0.0
6.074640512466431,-0.2519090215790032,-0.30303065404422164,0.0
6.0793137550354,-0.2531697788634978,-0.3024322402776604,0.0
6.083606243133545,-0.2544282715114195,-0.30190700317131935,0.0
6.088012218475342,-0.2556839843467635,-0.3011926096555308,0.0
6.092770576477051,-0.2569364172098504,-0.3003811846591836,0.0
6.097439289093018,-0.25818593853019856,-0.29971991432714984,0.0
6.101722002029419,-0.2594329601549193,-0.2991404075486731,0.0
6.106255054473877,-0.26067700304497504,-0.2983804452438412,0.0
6.1115899085998535,-0.26191788362143154,-0.2976218259940025,0.0
6.1160728931427,-0.26315727761089375,-0.29739880596126705,0.0
6.120391368865967,-0.2643955357491946,-0.2971096974370221,0.0
6.125014305114746,-0.26563205196090695,-0.296648711012844,0.0
6.129626989364624,-0.26686676961785544,-0.29622682294604974,0.0
6.13394570350647,-0.2680998202280194,-0.29583398812960066,0.0
6.138315200805664,-0.26933071742808506,-0.29527589989257835,0.0
6.1428632736206055,-0.27055891251231984,-0.2945972946590423,0.0
6.147506237030029,-0.27178429529282394,-0.2939235582125891,0.0
6.151803255081177,-0.2730070816666934,-0.29331726436853917,0.0
6.156550168991089,-0.2742268482957032,-0.29255309884176145,0.0
6.161390781402588,-0.27544387768531614,-0.29193185566381635,0.0
6.165759325027466,-0.2766589256793612,-0.29150482439155667,0.0
6.170183897018433,-0.2778718224382182,-0.29095881423557096,0.0
6.1749587059021,-0.27908220898194575,-0.2903375750608239,0.0
6.179582118988037,-0.2802904804592737,-0.28986778262460366,0.0
6.1838600635528564,-0.2814969382391245,-0.28944398195669313,0.0
6.188190937042236,-0.2827010867269025,-0.2888463349788508,0.0
6.19282341003418,-0.28390234322881774,-0.2881201591545578,0.0
6.197447061538696,-0.2851007903107421,-0.2874631804185304,0.0
6.201732635498047,-0.2862966893377634,-0.2868667758272275,0.0
6.2063493728637695,-0.2874896319392536,-0.2861195722680847,0.0
6.211359262466431,-0.28867966299194847,-0.2854369231988623,0.0
6.2160258293151855,-0.2898677941819262,-0.28505641631354495,0.0
6.220397233963013,-0.2910545644964289,-0.28474774841222583,0.0
6.2251811027526855,-0.2922396922108176,-0.28432504424688887,0.0
6.22988224029541,-0.29342350109301635,-0.2840438728143836,0.0
6.234199047088623,-0.2946063884225518,-0.28384267378703176,0.0
6.238515138626099,-0.29578794048253754,-0.2834825072060635,0.0
6.243131637573242,-0.29696752043771696,-0.2829715396706553,0.0
6.247840166091919,-0.2981450884680079,-0.28249803426579667,0.0
6.252171993255615,-0.29932096138923625,-0.28211340563552406,0.0
6.256823539733887,-0.3004947912498154,-0.28158788263421214,0.0
6.261571168899536,-0.30166660670541195,-0.2811184293346979,0.0
6.2659149169921875,-0.3028368034895102,-0.2807569039278569,0.0
6.270350694656372,-0.3040050667781999,-0.28025873903026977,0.0
6.2750771045684814,-0.30517102032193355,-0.2796857003931157,0.0
6.279771089553833,-0.306334893883276,-0.27921108714692133,0.0
6.284092664718628,-0.30749701665424295,-0.278809015439033,0.0
6.288402318954468,-0.30865700247910494,-0.2782592648385032,0.0
6.293125629425049,-0.3098142438670153,-0.277564342358186,0.0
6.297868728637695,-0.3109689063051014,-0.27697068668367925,0.0
6.302242755889893,-0.3121214273455812,-0.27648329072364275,0.0
6.307110548019409,-0.3132715732864781,-0.27588575973193435,0.0
6.311987638473511,-0.3144197777654786,-0.27546361304337624,0.0
6.316303730010986,-0.3155667482070071,-0.2752093833912161,0.0
6.320658206939697,-0.31671216078472925,-0.274795661378025,0.0
6.325360059738159,-0.3178554444208539,-0.274252348850993,0.0
6.330137014389038,-0.31899668598772185,-0.27377996857028736,0.0
6.334463119506836,-0.32013629324757387,-0.27341441690707347,0.0
6.3390843868255615,-0.3212739080490365,-0.27289872840442797,0.0
6.344273805618286,-0.3224094379385407,-0.27240344649309,0.0
6.348905086517334,-0.3235439303071033,-0.2722364310207188,0.0
6.353376388549805,-0.32467772691910424,-0.2720694611263261,0.0
6.358752250671387,-0.3258105443493994,-0.2718118083650514,0.0
6.363907814025879,-0.3269435366398262,-0.27195352346598717,0.0
6.368199825286865,-0.32807789698873724,-0.27234398640111984,0.0
6.372809410095215,-0.3292131402950328,-0.27249645307731446,0.0
6.377819299697876,-0.3303488271956011,-0.2725876005476037,0.0
6.38240385055542,-0.3314853564086483,-0.2728267121696929,0.0
6.38676905632019,-0.3326225878387038,-0.2729717474618861,0.0
6.391559839248657,-0.3337597643666189,-0.2729058999424652,0.0
6.396183729171753,-0.33489672813379373,-0.27285975992424255,0.0
6.400474548339844,-0.33603326773287856,-0.2727394296621172,0.0
6.404829502105713,-0.337168532262639,-0.27237159494824315,0.0
6.409581661224365,-0.3383016338280702,-0.27180212069632015,0.0
6.414249658584595,-0.3394324083724899,-0.27124729417283827,0.0
6.418623685836792,-0.3405607760228388,-0.27066203960351987,0.0
6.423480749130249,-0.3416861442368953,-0.26989735983523294,0.0
6.428221940994263,-0.3428085710183401,-0.2692109703418796,0.0
6.432543516159058,-0.3439281844850607,-0.2685395013277076,0.0
6.4369001388549805,-0.3450443824256795,-0.26767041563736454,0.0
6.441746950149536,-0.3461564402144784,-0.26663531168707644,0.0
6.446393013000488,-0.34726447496892765,-0.2656929464551126,0.0
6.450740098953247,-0.348368550460921,-0.2647401064814474,0.0
6.45505428314209,-0.349468169562973,-0.2636317202853113,0.0
6.45990252494812,-0.350562675598904,-0.26236504653192344,0.0
6.464499473571777,-0.35165227748684547,-0.26121790690785057,0.0
6.468874454498291,-0.3527370792614154,-0.26006425092542346,0.0
6.473713159561157,-0.35381673035815076,-0.258800616323419,0.0
6.478506326675415,-0.3548915143925771,-0.2576643294460203,0.0
6.482855319976807,-0.3559618821307408,-0.25662984636178043,0.0
6.487193822860718,-0.35702758021934267,-0.25548041765235885,0.0
6.491779088973999,-0.35808814937226113,-0.2542223302577985,0.0
6.496421575546265,-0.35914354246590546,-0.25298534593861544,0.0
6.500735759735107,-0.3601939446009215,-0.25180055090999964,0.0
6.5050718784332275,-0.36123909206907273,-0.2505140156410742,0.0
6.509765148162842,-0.3622786299495381,-0.24914781251462473,0.0
6.514496803283691,-0.36331278535597,-0.24788079251971182,0.0
6.518839120864868,-0.36434202600471716,-0.24673037651020652,0.0
6.52397346496582,-0.3653662629564657,-0.2455126819497176,0.0
6.52865743637085,-0.3663863919056784,-0.24460393492488383,0.0
6.532977104187012,-0.3674029993579417,-0.2437799480605052,0.0
6.537289619445801,-0.36841590389007245,-0.24286969795121174,0.0
6.54206657409668,-0.36942475889283705,-0.2418772858822355,0.0
6.546836614608765,-0.3704299082211663,-0.24102223695291528,0.0
6.551149368286133,-0.37143189417899086,-0.24029494057761175,0.0
6.5560548305511475,-0.37243058133847684,-0.2394817788786065,0.0
6.561092138290405,-0.3734264654728581,-0.23885581569710979,0.0
6.565467596054077,-0.3744204751325545,-0.23846457746890384,0.0
6.5699005126953125,-0.37541261477710464,-0.23799660493732844,0.0
6.574856996536255,-0.3764026530165766,-0.23748015834181746,0.0
6.579867362976074,-0.37739111582453017,-0.23714812196677273,0.0
6.584210395812988,-0.3783788018707052,-0.23701018770821897,0.0
6.588540554046631,-0.37936555543466816,-0.23675780059831328,0.0
6.593284606933594,-0.3803508912637103,-0.23638828407963336,0.0
6.597846746444702,-0.38133489589204317,-0.23608545516006324,0.0
6.602181911468506,-0.38231757835774755,-0.2357633109299619,0.0
6.606857776641846,-0.3832985461167818,-0.2353220159898855,0.0
6.611577749252319,-0.38427777387703377,-0.23491230664130347,0.0
6.615921497344971,-0.38525543818613106,-0.23454856049213857,0.0
6.620321035385132,-0.386231213316368,-0.23406530149251398,0.0
6.625030040740967,-0.3872046907524973,-0.23349114789244402,0.0
6.6296467781066895,-0.38817591184993633,-0.23296049297293284,0.0
6.633960247039795,-0.3891449239724192,-0.23243050547640617,0.0
6.638311862945557,-0.39011132920003433,-0.2317729923681135,0.0
6.642960071563721,-0.3910746672808842,-0.23101070129858087,0.0
6.6475889682769775,-0.3920349052271395,-0.2302727486306285,0.0
6.651880502700806,-0.3929921155326977,-0.22954988350529051,0.0
6.6566321849823,-0.39394592613320467,-0.22870296186394357,0.0
6.661542654037476,-0.39489643272237906,-0.22792796743477503,0.0
6.665959119796753,-0.39584412462292057,-0.22728556644566184,0.0
6.670275688171387,-0.39678890378037684,-0.22656763954263442,0.0
6.67494010925293,-0.3977303432262248,-0.22573826617377038,0.0
6.6795549392700195,-0.39866843689721587,-0.2249440669153053,0.0
6.683875799179077,-0.3996032647871407,-0.2241637460093078,0.0
6.688202142715454,-0.40053451879456736,-0.2232802334897698,0.0
6.692786693572998,-0.40146179834218276,-0.2223029309025396,0.0
6.697838544845581,-0.402385053463361,-0.2213408772288076,0.0
6.702175617218018,-0.40330492262047923,-0.22057800710887684,0.0
6.706865310668945,-0.4042213301168879,-0.2197245852575001,0.0
6.7115638256073,-0.4051343454093352,-0.21892354127070487,0.0
6.715874195098877,-0.40604418955307287,-0.2181757756547322,0.0
6.720211982727051,-0.40695060916582,-0.21732920198624983,0.0
6.724822998046875,-0.40785324586712934,-0.21640087850179046,0.0
6.729503870010376,-0.40875210370356957,-0.21550107552519276,0.0
6.733807563781738,-0.40964738325186334,-0.21465594470675298,0.0
6.738140821456909,-0.4105388607714633,-0.21372102415051067,0.0
6.742881774902344,-0.41142621797423634,-0.2127141771431735,0.0
6.747496843338013,-0.41230965099349104,-0.21179403431221738,0.0
6.751842260360718,-0.4131893639555067,-0.21091032143750071,0.0
6.756683111190796,-0.4140651940461476,-0.2099623859583585,0.0
6.76174783706665,-0.41493746065050685,-0.2091380218850132,0.0
6.766111135482788,-0.41580691480381204,-0.20851278338455537,0.0
6.770472049713135,-0.41667354827307657,-0.20781859100253797,0.0
6.775273084640503,-0.41753708191228356,-0.20705805578310882,0.0
6.780102968215942,-0.4183977480080737,-0.20639393317013713,0.0
6.7844367027282715,-0.4192559610630542,-0.20583031330244472,0.0
6.788806200027466,-0.42011156263278937,-0.20518252787258862,0.0
6.793570518493652,-0.42096425389838177,-0.20446717201572848,0.0
6.798250913619995,-0.4218142010250265,-0.20382748367209078,0.0
6.802842378616333,-0.42266161020696763,-0.20322856213365323,0.0
6.807751178741455,-0.42350654231408047,-0.20263553702925532,0.0
6.812590837478638,-0.4243493620818616,-0.20215724037581995,0.0
6.816884517669678,-0.42519044443545245,-0.20176068368192004,0.0
6.8212480545043945,-0.42602951671827866,-0.2012496687620053,0.0
6.8258702754974365,-0.4268661903441837,-0.20065245325677866,0.0
6.830452919006348,-0.4277003929347705,-0.20006079220974154,0.0
6.834740877151489,-0.4285320995883215,-0.19945931410264015,0.0
6.8393895626068115,-0.42936095478306147,-0.19874736064879867,0.0
6.844468116760254,-0.43018689528073417,-0.19805197154307014,0.0
6.848861217498779,-0.4310104344135835,-0.19751530040195092,0.0
6.853310585021973,-0.43183148515488934,-0.1968979203095421,0.0
6.858124256134033,-0.43264977912980085,-0.19622155896120494,0.0
6.862971544265747,-0.43346545314592083,-0.19560861344985994,0.0
6.867300033569336,-0.4342787896528482,-0.19506491227969358,0.0
6.871636152267456,-0.4350895293378895,-0.1944151821840351,0.0
6.876629590988159,-0.4358972527967052,-0.19366658407598558,0.0
6.881345510482788,-0.43670222705007966,-0.1930363486297729,0.0
6.885726451873779,-0.4375046410673673,-0.19242714717829512,0.0
6.890581369400024,-0.4383042391702714,-0.19172913726900118,0.0
6.895114898681641,-0.439101134356712,-0.19109686146858812,0.0
6.899433135986328,-0.4398952667212257,-0.1904235238380196,0.0
6.903799295425415,-0.4406862571502147,-0.18964256886110437,0.0
6.908589839935303,-0.44147372189196665,-0.18877468180339893,0.0
6.913232088088989,-0.44225772749479175,-0.18795704320539275,0.0
6.917498826980591,-0.44303833083168925,-0.18714086315240563,0.0
6.921903133392334,-0.44381517648341245,-0.18621048279960228,0.0
6.9268639087677,-0.444587942837358,-0.18521524430386413,0.0
6.931434392929077,-0.44535690440638026,-0.18432943933474352,0.0
6.935963869094849,-0.4461221301822946,-0.18342925526295692,0.0
6.940885305404663,-0.4468835259872782,-0.18250372911975785,0.0
6.945573568344116,-0.44764135948630024,-0.18167228309287123,0.0
6.949941873550415,-0.4483957892030482,-0.18086021730802426,0.0
6.954362630844116,-0.44914659616545066,-0.17997163624846593,0.0
6.959026575088501,-0.44989352460808746,-0.17902671179592414,0.0
6.963615417480469,-0.4506365747783267,-0.17810063523301314,0.0
6.967936754226685,-0.45137575589369766,-0.17717122929099893,0.0
6.97270393371582,-0.452110815255036,-0.17616208161995967,0.0
6.977595090866089,-0.4528418397491322,-0.17520729674388558,0.0
6.982247591018677,-0.45356915997656577,-0.17434017807058053,0.0
6.986546993255615,-0.45429291447883063,-0.17348818223799706,0.0
6.991179704666138,-0.45501285217162446,-0.17255081413139017,0.0
6.995892524719238,-0.4557289275128286,-0.1716273144060356,0.0
7.00021505355835,-0.4564412678705424,-0.17073994632507908,0.0
7.0045740604400635,-0.45714967996641553,-0.16977870209948961,0.0
7.009208679199219,-0.4578539035337539,-0.16875879537495658,0.0
7.013986825942993,-0.4585539454871272,-0.1677606432780287,0.0
7.018380403518677,-0.4592500190087707,-0.166823452233343,0.0
7.023111820220947,-0.459942043880042,-0.16584028678020557,0.0
7.027838230133057,-0.4606301249217624,-0.16490597483322145,0.0
7.032167196273804,-0.46131445523195314,-0.16401717039995542,0.0
7.036574125289917,-0.4619948868574544,-0.16306586741610746,0.0
7.041227102279663,-0.4626712377230225,-0.16207712943752675,0.0
7.046045541763306,-0.4633435645831567,-0.1611190215127747,0.0
7.050368309020996,-0.4640121278346079,-0.16023402469647857,0.0
7.054644346237183,-0.46467681773094244,-0.15928955728095595,0.0
7.059347629547119,-0.46533736186014873,-0.15827774244666482,0.0
7.064186096191406,-0.4659938387264273,-0.1573134822053583,0.0
7.0684814453125,-0.4666465489523497,-0.15642956538397407,0.0
7.073087453842163,-0.4672953838735121,-0.1554841141027524,0.0
7.077822685241699,-0.46794034526412187,-0.15455973087351643,0.0
7.08215069770813,-0.4685816203901496,-0.15368824594125727,0.0
7.086541652679443,-0.4692191044961065,-0.15276562026918017,0.0
7.091262578964233,-0.4698526442301396,-0.15181096628013407,0.0
7.095924139022827,-0.4704823680125992,-0.15090807203042234,0.0
7.100239038467407,-0.47110843858294965,-0.1500400034871413,0.0
7.104851245880127,-0.4717307328705992,-0.1491209547541408,0.0
7.109835863113403,-0.4723492732840641,-0.1482260605608295,0.0
7.114437818527222,-0.47296443592563453,-0.14744345669008904,0.0
7.11881947517395,-0.47357638289479975,-0.14667530695233963,0.0
7.123836278915405,-0.47418500738490726,-0.14586816763855945,0.0
7.128515720367432,-0.4747906182149419,-0.14517282846306936,0.0
7.132845401763916,-0.4753934118377981,-0.14450309820444246,0.0
7.137252569198608,-0.47599323305442093,-0.1437751780731067,0.0
7.141843318939209,-0.4765899021749564,-0.14300915127636318,0.0
7.146599531173706,-0.47718339581415575,-0.142248338199483,0.0
7.150925397872925,-0.47777384940803513,-0.14152912248254962,0.0
7.155333518981934,-0.478361122658692,-0.14075115745719788,0.0
7.159985303878784,-0.47894503654203435,-0.1399354852415624,0.0
7.164768695831299,-0.47952560843035275,-0.1391379347182117,0.0
7.169320821762085,-0.48010299940366574,-0.1383858861697883,0.0
7.1740806102752686,-0.48067722980944994,-0.13762518772475354,0.0
7.17888879776001,-0.48124840325402884,-0.13690052157253693,0.0
7.183166265487671,-0.4818166921364037,-0.13621901163236957,0.0
7.187572956085205,-0.4823819087080425,-0.13546304985742585,0.0
7.192375898361206,-0.48294383877967023,-0.13466336124370465,0.0
7.197084426879883,-0.4835025671017718,-0.1339053590028568,0.0
7.201401710510254,-0.48405819482192364,-0.13316583113903627,0.0
7.206024169921875,-0.4846105378504704,-0.132361245446439,0.0
7.210888385772705,-0.4851595313809181,-0.13155760045175138,0.0
7.215255498886108,-0.4857053314829856,-0.13080357908345056,0.0
7.219573020935059,-0.4862478169341038,-0.12999423636353435,0.0
7.22418475151062,-0.4867867338078654,-0.12912207827789304,0.0
7.229008436203003,-0.4873220150444885,-0.1282493929657785,0.0
7.233323812484741,-0.4878537892912017,-0.12741804625968534,0.0
7.237641096115112,-0.4883819067253131,-0.12652498723850492,0.0
7.242539167404175,-0.48890612237266867,-0.1255741067021094,0.0
7.247294187545776,-0.4894265589834452,-0.1246817684230146,0.0
7.251609802246094,-0.4899433634410084,-0.12381692193565069,0.0
7.256248950958252,-0.4904563823769381,-0.12289384199283711,0.0
7.26105523109436,-0.490965575567185,-0.1219772951442183,0.0
7.265411376953125,-0.4914710672613465,-0.12109832754794292,0.0
7.269810914993286,-0.4919727446656169,-0.12017074771032514,0.0
7.274665594100952,-0.4924704397025793,-0.11920558602018433,0.0
7.279497385025024,-0.49296426451294223,-0.11828882863933927,0.0
7.28397274017334,-0.49345439896333937,-0.11741349458593751,0.0
7.288603782653809,-0.49394080675146074,-0.11651274214685504,0.0
7.29324746131897,-0.49442347319287294,-0.11561576081862757,0.0
7.29784893989563,-0.4949024199000678,-0.11472443829743105,0.0
7.302234649658203,-0.4953776457421097,-0.11383086831494042,0.0
7.307072401046753,-0.49584902414695864,-0.11289754766358692,0.0
7.311913013458252,-0.4963166406087483,-0.11200482839840384,0.0
7.316245079040527,-0.49678065755245665,-0.11115055162568868,0.0
7.320698261260986,-0.49724095774795923,-0.11024595456318284,0.0
7.325567960739136,-0.497697404037688,-0.10931423846012646,0.0
7.33025598526001,-0.4981501049218372,-0.10842627624429584,0.0
7.334537982940674,-0.4985991402306806,-0.10754927785336456,0.0
7.3391053676605225,-0.49904434578679707,-0.10661609346932832,0.0
7.344062089920044,-0.49948564235652193,-0.10567627891817447,0.0
7.348855018615723,-0.4999231984706884,-0.10479259938387508,0.0
7.353247880935669,-0.5003571551980454,-0.10393535261652852,0.0
7.357868671417236,-0.5007874200089888,-0.10303969046352568,0.0
7.3625054359436035,-0.501213949928407,-0.10214307848481778,0.0
7.366841077804565,-0.5016367480504963,-0.10124777308950877,0.0
7.371156454086304,-0.5020556755585226,-0.10030761420775346,0.0
7.37586784362793,-0.5024705449120191,-0.09932239343294975,0.0
7.3805084228515625,-0.5028813631388565,-0.09835443762520535,0.0
7.384837865829468,-0.5032881671418225,-0.09739253656304038,0.0
7.389595031738281,-0.503690839729405,-0.09639111915975616,0.0
7.3946216106414795,-0.5040894191745284,-0.09541511663971278,0.0
7.398972511291504,-0.5044841279798171,-0.09450184088044505,0.0
7.403350353240967,-0.5048749160272248,-0.09355162525571444,0.0
7.408026456832886,-0.5052616489736872,-0.0925707326275365,0.0
7.412653684616089,-0.5056443355129473,-0.09160284474659616,0.0
7.416970491409302,-0.506023007347118,-0.09064076712484928,0.0
7.421288251876831,-0.5063975569755761,-0.08964235522469009,0.0
7.425924777984619,-0.506767842435766,-0.08861062644443979,0.0
7.4307286739349365,-0.5071338663771783,-0.08759084827029709,0.0
7.435081958770752,-0.5074957471961289,-0.08660497210072685,0.0
7.439916133880615,-0.5078534385689529,-0.08559297533708357,0.0
7.444604158401489,-0.5082070316328856,-0.08461884556015872,0.0
7.448887586593628,-0.5085566200599416,-0.08366206978085591,0.0
7.4532434940338135,-0.5089021155850667,-0.08267126746157662,0.0
7.4579386711120605,-0.5092434131358254,-0.08165818339973455,0.0
7.462503910064697,-0.5095805562759064,-0.08066646453035889,0.0
7.466832160949707,-0.5099135826342326,-0.07967966612692118,0.0
7.471170902252197,-0.5102424253902037,-0.0786698464591764,0.0
7.4758875370025635,-0.5105669997025807,-0.07764055110368387,0.0
7.480534315109253,-0.5108873686651011,-0.07663793525272425,0.0
7.484840154647827,-0.5112036152495169,-0.0756529777217589,0.0
7.489649534225464,-0.5115156908244991,-0.07464657401532107,0.0
7.494358539581299,-0.5118236887687483,-0.07367719736541481,0.0
7.498713254928589,-0.5121277226032942,-0.07273180580694073,0.0
7.503135442733765,-0.5124277680244613,-0.07177064393700996,0.0
7.507900714874268,-0.5127237867283316,-0.0708024811475916,0.0
7.512640476226807,-0.5130158659586489,-0.06986456833098492,0.0
7.51694393157959,-0.5133041177857951,-0.06895243498669025,0.0
7.521225214004517,-0.5135885044304809,-0.06801962115577122,0.0
7.525759220123291,-0.513868937945822,-0.06706555778916042,0.0
7.530434846878052,-0.5141454145177778,-0.06611735594841535,0.0
7.534754276275635,-0.5144180019642232,-0.06518890144828976,0.0
7.539498805999756,-0.5146866712859187,-0.06424458618716958,0.0
7.54433012008667,-0.5149514875724424,-0.0633263848690662,0.0
7.5486204624176025,-0.5152125795707619,-0.06244067776195629,0.0
7.553042888641357,-0.5154699191252338,-0.06153513143849975,0.0
7.557934761047363,-0.5157234655622938,-0.060623182118943436,0.0
7.562570333480835,-0.5159733247559182,-0.05974724530977686,0.0
7.566853761672974,-0.5162195674394423,-0.058881939950917,0.0
7.571150779724121,-0.5164621395432341,-0.05799578956711132,0.0
7.575831413269043,-0.5167009620641928,-0.05709130640159126,0.0
7.580514430999756,-0.5169360626783734,-0.05620178940339351,0.0
7.584816217422485,-0.517167500283746,-0.05532613110454704,0.0
7.5896382331848145,-0.5173952327820409,-0.05443238278656475,0.0
7.594624757766724,-0.5176193167475611,-0.05356276697534723,0.0
7.598995923995972,-0.5178398852347467,-0.052727684178214496,0.0
7.603416681289673,-0.5180569259332601,-0.05187715253244885,0.0
7.608304977416992,-0.518270387859698,-0.051015455663471564,0.0
7.61316442489624,-0.5184803317695027,-0.050176921354898804,0.0
7.617483615875244,-0.5186868393769427,-0.04935681493255136,0.0
7.621865510940552,-0.5188898622524456,-0.04851506944710395,0.0
7.626777172088623,-0.5190893265226063,-0.04765689731997816,0.0
7.631430625915527,-0.5192852760655071,-0.04681824085947206,0.0
7.6359381675720215,-0.5194777316133518,-0.04597971395984188,0.0
7.640883922576904,-0.519666661656568,-0.04513106103207854,0.0
7.645776748657227,-0.5198521086976825,-0.04429938366920144,0.0
7.650076389312744,-0.520034125134044,-0.04347881509273619,0.0
7.654374361038208,-0.5202126409830887,-0.0426321499104477,0.0
7.658999443054199,-0.5203875509672264,-0.041760494688181486,0.0
7.663578748703003,-0.5205588123908249,-0.04088350647028371,0.0
7.667878150939941,-0.5207263939688206,-0.03999828473401374,0.0
7.67262601852417,-0.5208902147675829,-0.039089908963176226,0.0
7.6775221824646,-0.5210502552972461,-0.038183014014016914,0.0
7.681868076324463,-0.521206542153513,-0.03728413599183938,0.0
7.68630051612854,-0.5213590203969272,-0.036365005440437324,0.0
7.6909027099609375,-0.5215076225330975,-0.03543102740781097,0.0
7.695501327514648,-0.5216523138556011,-0.03449089233915686,0.0
7.699816465377808,-0.5217930686598117,-0.033544584120122456,0.0
7.7042155265808105,-0.5219298241910743,-0.032580252234093714,0.0
7.708799839019775,-0.5220625213000682,-0.03160300035994877,0.0
7.713572263717651,-0.5221911331256924,-0.030621459488975825,0.0
7.717870473861694,-0.5223156654523058,-0.0296431992097188,0.0
7.722661733627319,-0.5224360762166949,-0.028650385299890117,0.0
7.727310419082642,-0.5225523643764995,-0.027662088895401577,0.0
7.7316062450408936,-0.5226645321132753,-0.02667298479170751,0.0
7.735992193222046,-0.5227725411088969,-0.025671888163629423,0.0
7.740785360336304,-0.5228763553858412,-0.0246632761899136,0.0
7.745497703552246,-0.522975984846995,-0.02366033820556931,0.0
7.749811410903931,-0.5230714446097744,-0.022660346483267996,0.0
7.754109621047974,-0.5231627140124634,-0.021652760936331554,0.0
7.758723020553589,-0.5232497649745441,-0.020638720878183844,0.0
7.763384103775024,-0.5233325983679756,-0.019627111345524056,0.0
7.767694473266602,-0.5234112283220039,-0.01861921300568763,0.0
7.7720947265625,-0.5234856482688623,-0.017607975902857932,0.0
7.77683162689209,-0.5235558538782029,-0.01659646601297048,0.0
7.78146767616272,-0.5236218652793568,-0.015591488471575795,0.0
7.786035060882568,-0.5236837036444104,-0.014591108553941216,0.0
7.7907164096832275,-0.5237413851028931,-0.013594357549691473,0.0
7.795490980148315,-0.5237949299883025,-0.012602903649123549,0.0
7.79982590675354,-0.5238443628782787,-0.011617548912862787,0.0
7.804145812988281,-0.5238896941817132,-0.010633491936534099,0.0
7.808905601501465,-0.5239309317758468,-0.009651523101805028,0.0
7.8135411739349365,-0.5239680964172782,-0.00867550038018242,0.0
7.817851305007935,-0.5240012089847714,-0.007704176825131253,0.0
7.8226213455200195,-0.5240302847074301,-0.006736160187689067,0.0
7.827582359313965,-0.5240553429444355,-0.005773236215401567,0.0
7.832108736038208,-0.5240764029968347,-0.004814791026508951,0.0
7.836489200592041,-0.5240934808711377,-0.0038599749904634426,0.0
7.841167211532593,-0.5241065929643753,-0.0029091963020247288,0.0
7.8459389209747314,-0.5241157537287533,-0.0019616965331940247,0.0
7.850252389907837,-0.5241209737581802,-0.0010164938313988758,0.0
7.854589939117432,-0.524122270540114,-7.612148089027358e-05,0.0
7.859309911727905,-0.5241196651596204,0.0008591137471044627,0.0
7.863961696624756,-0.5241131683252293,0.0017926346755796538,0.0
7.868299722671509,-0.5241027876990146,0.0027242751665349043,0.0
7.872989654541016,-0.5240885425790807,0.0036503669896663037,0.0
7.87809157371521,-0.5240704410836546,0.004575710636045328,0.0
7.882555961608887,-0.5240484637571248,0.005507529645902738,0.0
7.8869311809539795,-0.5240226143900488,0.0064359769917342715,0.0
7.891654014587402,-0.5239929125408149,0.007359289487885815,0.0
7.896336555480957,-0.5239593577265642,0.008284468292368551,0.0
7.900622844696045,-0.5239219432892799,0.009211155555518612,0.0
7.905022382736206,-0.5238806911313293,0.010130330987940488,0.0
7.909801483154297,-0.5238356246607103,0.011044519861372894,0.0
7.9142773151397705,-0.5237867331517274,0.011963803438657846,0.0
7.918625116348267,-0.5237340202930171,0.012880208182825934,0.0
7.923644542694092,-0.5236775098469602,0.01378996844942735,0.0
7.928285360336304,-0.5236171641606719,0.0147139931381269,0.0
7.932570457458496,-0.5235529597987032,0.01564076201172622,0.0
7.936894178390503,-0.5234849229115891,0.016558247577284593,0.0
7.94170069694519,-0.523413088646872,0.017467580383185913,0.0
7.946341276168823,-0.5233374349955559,0.018386674286852287,0.0
7.95064115524292,-0.5232579399228615,0.01930956542493992,0.0
7.954946994781494,-0.5231746300675447,0.020222665909803244,0.0
7.959237575531006,-0.5230875459558,0.02112606154327149,0.0
7.963548183441162,-0.5229967303422842,0.022019010584445563,0.0
7.967871189117432,-0.5229022240087169,0.022902391683834285,0.0
7.972172021865845,-0.5228040648069994,0.023776849493150665,0.0
7.97643780708313,-0.522702292768971,0.024641471484805725,0.0
7.9807233810424805,-0.5225969536624077,0.025494726305395263,0.0
7.985008478164673,-0.522488090988542,0.026337849816948332,0.0
7.989293575286865,-0.5223757460582773,0.02717113093253978,0.0
7.993572473526001,-0.5222599587212878,0.027994940946130843,0.0
7.997862100601196,-0.5221407681780116,0.02880936383664729,0.0
8.002143859863281,-0.5220182101829253,0.029615474365850287,0.0
8.006436824798584,-0.5218923191776924,0.030413334335061288,0.0
8.010735273361206,-0.5217631257461606,0.031204157701311862,0.0
8.01502513885498,-0.521630656348234,0.031988859463174465,0.0
8.019329071044922,-0.5214949362701814,0.032767510144957365,0.0
8.023674011230469,-0.5213559859959225,0.0335416230640255,0.0
8.028385400772095,-0.5212138141363355,0.03431449325129218,0.0
8.03347373008728,-0.5210683477181888,0.035111130428003345,0.0
8.038246870040894,-0.5209194057086898,0.035957777223818786,0.0
8.043108701705933,-0.5207668478459815,0.03683263688370732,0.0
8.047942161560059,-0.5206105369485066,0.03774199077310573,0.0
8.052629709243774,-0.5204503367299936,0.038683458152365374,0.0
8.057024002075195,-0.5202861491890141,0.03964558092973363,0.0
8.061939477920532,-0.5201179603663607,0.04060528424519195,0.0
8.06656789779663,-0.5199456552947639,0.04160258592426418,0.0
8.070863485336304,-0.5197691516041286,0.04261371193458284,0.0
8.075183391571045,-0.519588478992912,0.043610724671595026,0.0
8.079885721206665,-0.5194036920981152,0.04459495803658897,0.0
8.084404230117798,-0.5192147454961823,0.045597988679044,0.0
8.088870286941528,-0.519021612814004,0.04660319195420947,0.0
8.093829154968262,-0.5188243016824754,0.04760522879520932,0.0
8.098478555679321,-0.5186226906824901,0.04864717805860352,0.0
8.10282278060913,-0.5184167048747725,0.049699801917997624,0.0
8.107169389724731,-0.5182063909034901,0.05073393949900639,0.0
8.111857891082764,-0.5179918271268701,0.051749164456829644,0.0
8.11648154258728,-0.5177729923763899,0.052777469736019496,0.0
8.120794296264648,-0.5175498545194719,0.05381169686712847,0.0
8.125568389892578,-0.517322486894588,0.05482047949492647,0.0
8.130701780319214,-0.5170908526627935,0.055849535357205625,0.0
8.13526201248169,-0.5168547563523397,0.05693438713850336,0.0
8.139685153961182,-0.5166141554691346,0.05801423398887107,0.0
8.14436960220337,-0.5163691186273777,0.05907379142382488,0.0
8.149190902709961,-0.5161196454051182,0.06014024906924559,0.0
8.153489828109741,-0.5158656639070839,0.061227414244209404,0.0
8.157828330993652,-0.5156072705149491,0.06227683017854788,0.0
8.162617683410645,-0.5153446092198402,0.06329275225923792,0.0
8.167250871658325,-0.5150776609372674,0.06432595005359112,0.0
8.171599864959717,-0.5148064120019697,0.06535776066827689,0.0
8.176401376724243,-0.5145309726503473,0.06635475521495558,0.0
8.181228399276733,-0.5142513212740029,0.06737027424309046,0.0
8.185531616210938,-0.5139673734537166,0.06840663285560904,0.0
8.189924240112305,-0.513679242615149,0.06939974319952161,0.0
8.194661140441895,-0.5133870732922584,0.07036101964411232,0.0
8.19931173324585,-0.5130908634509498,0.07133356205972749,0.0
8.20359754562378,-0.5127906009628932,0.07230622924655421,0.0
8.207938194274902,-0.5124864304009773,0.07323258727251418,0.0
8.212787628173828,-0.512178519394954,0.07412074078095279,0.0
8.217235326766968,-0.5118668167844243,0.07503800664184489,0.0
8.221590518951416,-0.5115513675901827,0.07593115678879862,0.0
8.226303339004517,-0.5112323081526731,0.0767887154034444,0.0
8.23117208480835,-0.5109096320077112,0.07766021107874521,0.0
8.235500574111938,-0.5105832138592497,0.07856715793920874,0.0
8.23983907699585,-0.5102531406958061,0.07943444412642292,0.0
8.24469518661499,-0.5099195692526672,0.08026479540773986,0.0
8.249319076538086,-0.5095824201929796,0.08113285350373647,0.0
8.253601551055908,-0.5092416411512666,0.08200509632702661,0.0
8.257895946502686,-0.508897367914993,0.08283248725262553,0.0
8.262638092041016,-0.508549776616784,0.0836184666053122,0.0
8.267298936843872,-0.5081988272748827,0.0844310509492483,0.0
8.271683692932129,-0.5078444463823184,0.08525828801141146,0.0
8.276600360870361,-0.5074867021476744,0.08605880974549263,0.0
8.28174901008606,-0.5071254477691851,0.08691522191587607,0.0
8.286166906356812,-0.5067603409416968,0.08786254553223916,0.0
8.290425777435303,-0.5063913665361653,0.08878439421330413,0.0
8.294716835021973,-0.5060187073954533,0.08965622204579941,0.0
8.299023866653442,-0.5056425513130682,0.09048463016138727,0.0
8.303542137145996,-0.5052630661206488,0.09127380574128126,0.0
8.30816102027893,-0.5048803025480774,0.09205982924220814,0.0
8.313012838363647,-0.5044942193137404,0.09286011552958909,0.0
8.317731857299805,-0.5041046351860123,0.09371364619433836,0.0
8.322508335113525,-0.5037114007806788,0.09459722914850621,0.0
8.326985836029053,-0.5033143624728137,0.0955199558052409,0.0
8.331638813018799,-0.5029135203678183,0.09642959478777877,0.0
8.336329460144043,-0.5025088336921164,0.09735664747013839,0.0
8.340645551681519,-0.5021002114383961,0.09830701869364836,0.0
8.345385074615479,-0.5016877653227364,0.09921385988522587,0.0
8.350025415420532,-0.5012714386621376,0.10015335884678687,0.0
8.35434603691101,-0.5008511545081858,0.10110659314496519,0.0
8.358635187149048,-0.5004270387175038,0.10201496761386189,0.0
8.363300085067749,-0.4999992927443528,0.10287382927134461,0.0
8.368049144744873,-0.4995679019179959,0.10375389866113761,0.0
8.372346639633179,-0.499132730457469,0.10467035072505004,0.0
8.37695574760437,-0.49869389484981075,0.10553738841830494,0.0
8.381795644760132,-0.49825141217628577,0.10641543927951064,0.0
8.386377096176147,-0.4978050995730229,0.10734834131497112,0.0
8.390702724456787,-0.4973548895815496,0.10828453968819371,0.0
8.395549535751343,-0.496900925083792,0.10917391038318856,0.0
8.400166511535645,-0.49644307815736205,0.11011983924729464,0.0
8.404486179351807,-0.4959812612243499,0.11107493406806407,0.0
8.40886902809143,-0.495515623609016,0.11197918161374648,0.0
8.413669109344482,-0.4950463334200929,0.11284658522932096,0.0
8.41823935508728,-0.4945732762831338,0.11376288180516898,0.0
8.422569274902344,-0.49409640023751455,0.11467950146615091,0.0
8.427254438400269,-0.4936158594547207,0.11554667151239303,0.0
8.432085990905762,-0.49313162453235143,0.11643974412933314,0.0
8.436404943466187,-0.4926434941744494,0.11738860164754578,0.0
8.440821170806885,-0.4921515808727639,0.11828285101222359,0.0
8.44565725326538,-0.49165604275259095,0.1191447060710869,0.0
8.45040488243103,-0.49115672975986824,0.1200653898700547,0.0
8.454725980758667,-0.49065346279746197,0.12102377223045001,0.0
8.459514141082764,-0.49014638086127826,0.12192509565247142,0.0
8.464585065841675,-0.48963539596922345,0.12287360853718512,0.0
8.469092607498169,-0.48912012136081484,0.12393016438619693,0.0
8.473584651947021,-0.4886005144551517,0.12496431216831769,0.0
8.478341341018677,-0.4880766809980125,0.12597208996148598,0.0
8.483174085617065,-0.48754854352874927,0.12701345443066792,0.0
8.487486124038696,-0.4870159144723591,0.12810364987525777,0.0
8.491775274276733,-0.48647897508935195,0.12911954557894925,0.0
8.496597290039062,-0.4859380475504067,0.1300571123230429,0.0
8.501301050186157,-0.48539306220294703,0.13104309773854228,0.0
8.50562047958374,-0.48484391137671595,0.13204739335421875,0.0
8.510270595550537,-0.4842908087589605,0.1329771904860947,0.0
8.515112400054932,-0.48373381121600423,0.13391363637864234,0.0
8.519476652145386,-0.48317274834165563,0.1349024036354294,0.0
8.523849964141846,-0.4826077723093142,0.13582501524162827,0.0
8.528606414794922,-0.4820391462690582,0.13668547115145446,0.0
8.533197402954102,-0.48146682739917557,0.13758036482097277,0.0
8.53748345375061,-0.4808908042512654,0.1384674355921025,0.0
8.541791677474976,-0.48031134712687995,0.13927060432939511,0.0
8.546544313430786,-0.4797287780031403,0.13999870900408648,0.0
8.551238298416138,-0.4791430464343154,0.14076799777428584,0.0
8.555535078048706,-0.47855402916282047,0.14156299834079047,0.0
8.56018328666687,-0.47796193908871903,0.14228128222474018,0.0
8.565125226974487,-0.4773668000624019,0.1430175228519276,0.0
8.569480895996094,-0.47676829638180845,0.14384881643192798,0.0
8.57378339767456,-0.47616652213057903,0.144618290920136,0.0
8.578073978424072,-0.4755617702971449,0.14531461322642947,0.0
8.582647562026978,-0.4749543441697485,0.14593826723540484,0.0
8.58774709701538,-0.4743442964314478,0.14656929992293513,0.0
8.592583894729614,-0.47373114799991767,0.14735120588516668,0.0
8.597037553787231,-0.47311450705647845,0.1482081891173393,0.0
8.60184645652771,-0.4724943964857941,0.14903280366140984,0.0
8.606477499008179,-0.4718706412464014,0.1499242395926453,0.0
8.610933780670166,-0.47124312515129957,0.15083057196172064,0.0
8.615723371505737,-0.47061194174923743,0.15170199380300528,0.0
8.620413303375244,-0.46997694053175504,0.15263323326200126,0.0
8.624738216400146,-0.46933796878123263,0.15359339739618974,0.0
8.629070043563843,-0.46869523700946036,0.15447653567285852,0.0
8.633882999420166,-0.46804905278033354,0.15528692935388164,0.0
8.63850474357605,-0.4673992766428908,0.15616622322270896,0.0
8.642820596694946,-0.4667458033627944,0.15705621403663464,0.0
8.647515535354614,-0.46608887033763174,0.15786665398387714,0.0
8.652501106262207,-0.4654284511203103,0.1587120967052264,0.0
8.656893014907837,-0.4647641345888987,0.15967744814537244,0.0
8.661208868026733,-0.4640959904561307,0.16058048526910168,0.0
8.665781497955322,-0.4634243446119174,0.16140000448620737,0.0
8.670454740524292,-0.4627492932986898,0.1622165817504834,0.0
8.67477798461914,-0.4620707524574264,0.16306104493352225,0.0
8.679091453552246,-0.4613889436907923,0.16382527749546452,0.0
8.683753967285156,-0.4607042002453538,0.16450961450871787,0.0
8.688385963439941,-0.4600165050408688,0.16522607242014453,0.0
8.692696571350098,-0.45932575469802145,0.16596490277424109,0.0
8.697317600250244,-0.45863217108716753,0.1666252557137039,0.0
8.702350616455078,-0.45793576263180075,0.16730909387235882,0.0
8.7068612575531,-0.4572360220979921,0.168147446751125,0.0
8.711220502853394,-0.45653284451824766,0.1689678474804299,0.0
8.715748071670532,-0.45582645481130013,0.16972224773742572,0.0
8.72034215927124,-0.45511694911694145,0.17046789573738735,0.0
8.72462272644043,-0.4544042936632434,0.17122727309076619,0.0
8.728977680206299,-0.45368875193862984,0.17189773502717084,0.0
8.733754873275757,-0.4529706044272116,0.17250808666156037,0.0
8.73841905593872,-0.4522496532291776,0.17320183487737928,0.0
8.742725372314453,-0.4515256750599608,0.17393922661009853,0.0
8.747034788131714,-0.4507988659672011,0.17459930810163235,0.0
8.751685619354248,-0.45006953246106124,0.17518707733000918,0.0
8.756463050842285,-0.4493376008432106,0.17582256123149184,0.0
8.760900020599365,-0.4486027388917837,0.17654846113015052,0.0
8.765658617019653,-0.4478649433561411,0.17724523535606693,0.0
8.770485162734985,-0.44712398331516184,0.17802563885154446,0.0
8.774852752685547,-0.4463794460991646,0.1789102252627408,0.0
8.779255867004395,-0.4456314127436164,0.17973411452218815,0.0
8.783938646316528,-0.4448800911795329,0.1805117014077414,0.0
8.788875102996826,-0.4441253603621392,0.18134348031534908,0.0
8.793205738067627,-0.44336672060210996,0.182317116801397,0.0
8.797673225402832,-0.4426042785224907,0.18320929522251342,0.0
8.802333116531372,-0.4418382132839842,0.18407130692283175,0.0
8.806989669799805,-0.4410684320219008,0.18497310768502156,0.0
8.811463594436646,-0.44029478061811383,0.1859109624595519,0.0
8.816098690032959,-0.4395173257710681,0.18681543888484917,0.0
8.820905208587646,-0.4387360208670717,0.18774597228645218,0.0
8.825239658355713,-0.4379505664628431,0.18876365707958465,0.0
8.829523086547852,-0.4371611643052319,0.18968768777318415,0.0
8.834133625030518,-0.43636825680901004,0.1905013592309767,0.0
8.838914155960083,-0.4355719075148691,0.1913315155718557,0.0
8.843228340148926,-0.4347718504255992,0.1922413120661393,0.0
8.847715616226196,-0.4339683205067098,0.19304932706630712,0.0
8.852507829666138,-0.43316152381501627,0.19382534851026928,0.0
8.857054948806763,-0.4323512238384153,0.1946877485966768,0.0
8.861376523971558,-0.4315373693699444,0.19553771683939877,0.0
8.86562967300415,-0.43072028652881506,0.19628744807701892,0.0
8.869940519332886,-0.42990046363670537,0.1969143225052799,0.0
8.874694108963013,-0.4290783229693161,0.1974470281334643,0.0
8.879494190216064,-0.4282536931850368,0.1980659997297082,0.0
8.884029865264893,-0.42742616390604343,0.19878754141154562,0.0
8.888945579528809,-0.42659564902804314,0.19950241784844838,0.0
8.893492221832275,-0.4257616978648384,0.2003637762571276,0.0
8.897871494293213,-0.4249241863138459,0.20121597910417813,0.0
8.902608394622803,-0.4240833661498081,0.20199064750554951,0.0
8.907374620437622,-0.42323909563229023,0.2028365574818103,0.0
8.911663293838501,-0.4223910517436465,0.20376208841158233,0.0
8.915971517562866,-0.4215395325745326,0.20456563541902129,0.0
8.92069149017334,-0.42068500712494994,0.20525976675774435,0.0
8.925367832183838,-0.4198273800734726,0.20602092091891086,0.0
8.929831504821777,-0.41896643805509765,0.20682800531779927,0.0
8.934764385223389,-0.418102276952893,0.20758907173523197,0.0
8.939424991607666,-0.41723446252100405,0.20850449170858776,0.0
8.943753480911255,-0.4163627379877885,0.20945059338130295,0.0
8.948092937469482,-0.4154874290086087,0.21028221743166417,0.0
8.952659368515015,-0.41460898559973797,0.21100799752497426,0.0
8.957317590713501,-0.4137275282065596,0.21173054513877848,0.0
8.961632490158081,-0.4128429447830761,0.21249003636075045,0.0
8.966005086898804,-0.4119555552809489,0.21313478533016555,0.0
8.970690488815308,-0.41106574121904704,0.2136957042229053,0.0
8.975354671478271,-0.4101734049453973,0.21431585597779584,0.0
8.979794979095459,-0.40927833364389493,0.21498436159123552,0.0
8.98464059829712,-0.40838064231894783,0.21559991866074749,0.0
8.989378690719604,-0.4074799740111265,0.21634740575236922,0.0
8.993723630905151,-0.40657594826221055,0.21717264736617836,0.0
8.998002529144287,-0.40566881048647463,0.2178933851452382,0.0
9.00287675857544,-0.4047590761707872,0.2184839939220584,0.0
9.007505893707275,-0.4038464158401369,0.21922349284506062,0.0
9.011833429336548,-0.40293058153656885,0.21999267341137071,0.0
9.016262769699097,-0.4020118905271423,0.22065039284394455,0.0
9.021135091781616,-0.4010906430107757,0.22124921768496386,0.0
9.025804996490479,-0.4001664272358191,0.22199949719896714,0.0
9.030298233032227,-0.39923893027886165,0.2227993971849647,0.0
9.035089015960693,-0.3983082149886016,0.22356261960418852,0.0
9.03989577293396,-0.39737399023719566,0.2244312715505936,0.0
9.044220685958862,-0.39643581184305543,0.22540691920397318,0.0
9.048462867736816,-0.3954939771415523,0.22625168222745665,0.0
9.053022384643555,-0.39454914205394814,0.22693016743860206,0.0
9.057754516601562,-0.3936014966315013,0.2276033110528512,0.0
9.062079668045044,-0.3926507995220723,0.22835549377494999,0.0
9.066826343536377,-0.3916973546636336,0.22898400767456317,0.0
9.071678638458252,-0.3907410120530009,0.22970181105648255,0.0
9.076437950134277,-0.38978124978780687,0.2305568750960327,0.0
9.080810070037842,-0.3888176635624231,0.23149554703763486,0.0
9.085637331008911,-0.3878505264384367,0.23231890803378927,0.0
9.090346336364746,-0.38687959479779677,0.23325873611582454,0.0
9.094629526138306,-0.38590459273441413,0.2342480110062213,0.0
9.09894061088562,-0.3849260025736086,0.2350663900109884,0.0
9.109476089477539,-0.3839444718710087,0.23573452258175964,0.0
9.113981485366821,-0.38295066085013535,0.23944248334406984,0.0
9.118676662445068,-0.38194210248224175,0.2429255892087662,0.0
9.123355150222778,-0.38091947765089584,0.24626578787575049,0.0
9.127637386322021,-0.3798834667255653,0.2494358930397093,0.0
9.13191556930542,-0.3788354739376415,0.25221326470893557,0.0
9.136736392974854,-0.37777714748300595,0.2545941194499055,0.0
9.14150857925415,-0.376709237825116,0.25686709377140265,0.0
9.145838737487793,-0.375632305225222,0.2589967313892688,0.0
9.150129556655884,-0.37454770346839317,0.2607408511376878,0.0
9.154542684555054,-0.37345707902678105,0.26208659891431396,0.0
9.159189701080322,-0.3723618465391924,0.2631124787570602,0.0
9.163941621780396,-0.37126290559763253,0.26395715966580274,0.0
9.168806314468384,-0.37016080931310313,0.2646852670931685,0.0
9.173719644546509,-0.3690558329447786,0.26536417302015514,0.0
9.178377866744995,-0.3679480882429935,0.2660237298189628,0.0
9.182747840881348,-0.36683808927033135,0.2665251870326787,0.0
9.187624454498291,-0.3657269627263647,0.26671874700160914,0.0
9.192447423934937,-0.36461504776048836,0.266906518866095,0.0
9.196794271469116,-0.36350244390303227,0.2670643618312819,0.0
9.201212406158447,-0.36239008954589663,0.2669318034677636,0.0
9.205980777740479,-0.36127899870904334,0.2665715819435657,0.0
9.210506439208984,-0.3601694309944656,0.266204253908693,0.0
9.214908361434937,-0.3590618131873777,0.26570267880150894,0.0
9.219865322113037,-0.35795686781369507,0.2650146266625135,0.0
9.224636554718018,-0.3568543016404232,0.26448268841527883,0.0
9.228984594345093,-0.3557537844414873,0.2640043482759919,0.0
9.233295440673828,-0.35465583244203536,0.2633428678099059,0.0
9.238041639328003,-0.3535612061004321,0.2624990885807598,0.0
9.242875099182129,-0.352469791273234,0.26175269850909105,0.0
9.247208833694458,-0.3513809914560226,0.26116474721601063,0.0
9.251910924911499,-0.3502950553154607,0.2604443098267829,0.0
9.257211685180664,-0.3492117863756104,0.2598309887066275,0.0
9.261577367782593,-0.3481295972122037,0.25969006100125797,0.0
9.265907049179077,-0.3470483214179417,0.2594447229427697,0.0
9.270539999008179,-0.34596841753046664,0.2590874540954586,0.0
9.275190114974976,-0.344889729187573,0.2588175987006934,0.0
9.279599666595459,-0.3438118447302948,0.25865034115195945,0.0
9.284085035324097,-0.3427347869372233,0.25844154674965214,0.0
9.288964748382568,-0.34165855067579265,0.25824825951081076,0.0
9.293983697891235,-0.34058228879277064,0.25832097539065796,0.0
9.298550367355347,-0.33950464892248045,0.25873780589724665,0.0
9.30374526977539,-0.3384251253718425,0.25920165432580755,0.0
9.308572769165039,-0.33734229965238827,0.26010387625319525,0.0
9.3129141330719,-0.3362551462562417,0.26118805112894483,0.0
9.317734956741333,-0.33516391027494824,0.2621330388883975,0.0
9.322719097137451,-0.33406821295602723,0.26324572532778656,0.0
9.327996730804443,-0.3329670757738893,0.2646156705167068,0.0
9.333101034164429,-0.33185890873996515,0.2664087153012177,0.0
9.337923526763916,-0.33074240506287766,0.2684788522838842,0.0
9.342749834060669,-0.32961707211007385,0.2706141968527747,0.0
9.34781265258789,-0.32848269256056456,0.27279734247624154,0.0
9.35254693031311,-0.3273386474628943,0.2751626650012451,0.0
9.357172966003418,-0.3261849371945382,0.2774670580154938,0.0
9.361844539642334,-0.32502208450255987,0.2796244514351584,0.0
9.367147445678711,-0.32385063594953617,0.28165595116134556,0.0
9.372254133224487,-0.3226698374666358,0.2839708598249393,0.0
9.377879858016968,-0.32147901981517646,0.2864053987514754,0.0
9.382586240768433,-0.3202766821657291,0.28928044011644816,0.0
9.387241840362549,-0.31906306580850174,0.2919312002871162,0.0
9.392142057418823,-0.3178392433417599,0.2943134720168322,0.0
9.396824836730957,-0.31660583062486464,0.29658822115508343,0.0
9.401581287384033,-0.31536377528095616,0.2985955134823813,0.0
9.406695127487183,-0.31411403618745115,0.30038513428545727,0.0
9.411670446395874,-0.3128567569123639,0.3022014581961407,0.0
9.41660213470459,-0.31159216888764235,0.3039347829744332,0.0
9.421758651733398,-0.31032073544756966,0.30554749322830493,0.0
9.426580905914307,-0.30904248350910946,0.3071918498382587,0.0
9.431540727615356,-0.3077580499263431,0.30862177490809767,0.0
9.436713933944702,-0.30646801700868437,0.3099368741482798,0.0
9.441378355026245,-0.30517239687576664,0.31128642441551635,0.0
9.44577431678772,-0.3038722004657667,0.31230085684889536,0.0
9.450562000274658,-0.3025693745100017,0.31280397826406037,0.0
9.455332279205322,-0.30126508259007534,0.31310530368643885,0.0
9.459866523742676,-0.29996015704354156,0.31320754836499015,0.0
9.464878559112549,-0.2986559037503442,0.31295821868270146,0.0
9.469582080841064,-0.2973526163343097,0.31273225552414524,0.0
9.473910331726074,-0.2960508699404805,0.31231438153064606,0.0
9.478247165679932,-0.29475224670402206,0.31145410904362864,0.0
9.482948303222656,-0.29345843880665956,0.3101998253433155,0.0
9.487632274627686,-0.29217011553423555,0.30886281736842525,0.0
9.492186784744263,-0.2908875765681043,0.30745749191599947,0.0
9.496878623962402,-0.28961132148751345,0.30591505150359194,0.0
9.501768350601196,-0.2883415015267163,0.30436996696284235,0.0
9.506425142288208,-0.2870775896753967,0.30299446314006834,0.0
9.510820150375366,-0.28581938448506233,0.3016268420731839,0.0
9.515657186508179,-0.2845673991264185,0.30009232320873036,0.0
9.520402669906616,-0.2833211814375541,0.29875824596503797,0.0
9.524725914001465,-0.2820800813820244,0.29756534593173034,0.0
9.529336929321289,-0.2808444760602009,0.29620461843043827,0.0
9.534488201141357,-0.27961427938507954,0.29492745929872066,0.0
9.538848400115967,-0.2783878015490385,0.2941633103318815,0.0
9.543232679367065,-0.2771648523240379,0.29328884109648534,0.0
9.547925233840942,-0.2759457622757285,0.2923453774750107,0.0
9.552599430084229,-0.2747300082347103,0.29159240221295185,0.0
9.556931495666504,-0.2735168313335809,0.291018763475628,0.0
9.561278104782104,-0.27230631190855464,0.29035956140119423,0.0
9.565887928009033,-0.271098712813952,0.2896447762763077,0.0
9.570539712905884,-0.2698935665096822,0.2890981944926381,0.0
9.574860334396362,-0.26869006378422294,0.28875450075408593,0.0
9.579169988632202,-0.2674881851502308,0.28834933983095595,0.0
9.583776950836182,-0.2662881701211902,0.2878880256147897,0.0
9.588482141494751,-0.26508947004159333,0.28762106636370216,0.0
9.592833042144775,-0.2638910416795242,0.2876231745969344,0.0
9.597710847854614,-0.26269268508574894,0.2875994981167443,0.0
9.60243034362793,-0.26149316499671843,0.2879798127742935,0.0
9.606757402420044,-0.2602912732964518,0.2886120190100982,0.0
9.61111831665039,-0.25908700757394093,0.28916094559959565,0.0
9.615878343582153,-0.25788061755226876,0.2896577290468917,0.0
9.62052035331726,-0.25667130005980626,0.29042899097846137,0.0
9.624846696853638,-0.2554582794781502,0.29135692692427717,0.0
9.629685640335083,-0.2542417596453357,0.2921673411026307,0.0
9.63440203666687,-0.25302090865081583,0.29328324523665134,0.0
9.63873028755188,-0.25179485598435064,0.29457584952241606,0.0
9.643165111541748,-0.2505639346503741,0.295702908318777,0.0
9.647870779037476,-0.249328552963866,0.29675451058222246,0.0
9.652555704116821,-0.24808833226920288,0.2979524880553285,0.0
9.65686821937561,-0.24684277606811736,0.29926054372661604,0.0
9.661125421524048,-0.24559245361134963,0.3003496685145492,0.0
9.665546894073486,-0.24433840345567298,0.30117942391986785,0.0
9.670278310775757,-0.2430812387970661,0.3018994491100915,0.0
9.675231456756592,-0.24182059100011796,0.3027740750973211,0.0
9.679561853408813,-0.24055528019565517,0.30397476296945036,0.0
9.683907270431519,-0.23928569270262778,0.30494301509238486,0.0
9.688703060150146,-0.23801273116881003,0.3056999046886072,0.0
9.693388223648071,-0.2367360481280539,0.3066385243409792,0.0
9.697706937789917,-0.2354552395034569,0.3076458462782529,0.0
9.702297449111938,-0.23417103692978478,0.3083960749115394,0.0
9.707373857498169,-0.23288374279019577,0.3091352919411125,0.0
9.711771488189697,-0.2315921067854773,0.3102783604161842,0.0
9.716163158416748,-0.23029638966604143,0.3112032424047452,0.0
9.720876932144165,-0.2289974916400013,0.3119127889108715,0.0
9.725563049316406,-0.22769540383471445,0.3126970118344319,0.0
9.729894638061523,-0.22638992096985036,0.3135220250713027,0.0
9.734200716018677,-0.22508186443535635,0.3140705362081106,0.0
9.73888635635376,-0.22377240370475324,0.3143369847646306,0.0
9.743512868881226,-0.22246161009501023,0.3146746999422579,0.0
9.747791290283203,-0.22114936180094372,0.3150276265029402,0.0
9.7521812915802,-0.21983655488532416,0.31508868872913415,0.0
9.75679898262024,-0.21852402263868745,0.3149804101703274,0.0
9.761387348175049,-0.21721178553714074,0.314922064617509,0.0
9.765680074691772,-0.21589970990160065,0.3148898476285779,0.0
9.770284175872803,-0.2145884970124335,0.31462447004881067,0.0
9.775383710861206,-0.2132781761812441,0.3144274821762261,0.0
9.780170440673828,-0.21196707253007205,0.31474372472215495,0.0
9.784687995910645,-0.21065403060913548,0.3152585827258717,0.0
9.789499521255493,-0.20933902594024256,0.31571502982604843,0.0
9.79419755935669,-0.20802146762781987,0.3163800714433243,0.0
9.798488855361938,-0.20670086334043047,0.31713310910596026,0.0
9.802781343460083,-0.20537802818978126,0.31759592852084695,0.0
9.807494640350342,-0.20405410892980463,0.3177885318310917,0.0
9.812356948852539,-0.20272897475772805,0.31811311644890755,0.0
9.81685471534729,-0.20140168092243382,0.31869604110637056,0.0
9.82167363166809,-0.20007225300328552,0.31918462376284495,0.0
9.826402425765991,-0.19874015470410958,0.3198763023538401,0.0
9.830748081207275,-0.19740485559710638,0.3206700061424711,0.0
9.835077285766602,-0.19606706616146086,0.3212023099768358,0.0
9.83980917930603,-0.1947278724206106,0.32147422277834115,0.0
9.844465017318726,-0.19338714408111923,0.3218746658198059,0.0
9.848756313323975,-0.1920445951734925,0.3223237670546887,0.0
9.853374004364014,-0.19070108727376536,0.32248091528892414,0.0
9.85856318473816,-0.18935682388498545,0.3226702896668294,0.0
9.862859964370728,-0.18801002249494722,0.3234193651612598,0.0
9.867177486419678,-0.18666107374584928,0.32385679960767544,0.0
9.871864557266235,-0.1853111505933198,0.3240227751291906,0.0
9.876450777053833,-0.18396024496558114,0.3242818458012823,0.0
9.880778551101685,-0.18260828031158127,0.32453437426029796,0.0
9.8850998878479,-0.1812560313485273,0.32454116157083557,0.0
9.8898446559906,-0.1799044725098617,0.32431804785747315,0.0
9.894514322280884,-0.17855325300360944,0.32428384215136463,0.0
9.8988938331604,-0.17720183385475335,0.32435913366668434,0.0
9.90355134010315,-0.1758506226089502,0.3242675009205271,0.0
9.908702850341797,-0.17449944685205593,0.324286692230357,0.0
9.913347244262695,-0.17314641070757383,0.3248756321367509,0.0
9.917749166488647,-0.17179077044828084,0.32551263125773017,0.0
9.92261815071106,-0.17043306316800785,0.32596173661464195,0.0
9.927373170852661,-0.1690726613840005,0.3266742744612076,0.0
9.931701183319092,-0.1677088807284308,0.3275179950922612,0.0
9.936382293701172,-0.1663424860194979,0.3280732446031659,0.0
9.94128680229187,-0.16497358201731074,0.32869113000714006,0.0
9.945615530014038,-0.16360127607487746,0.3295737809745463,0.0
9.950056076049805,-0.1622262525908556,0.33014917408266314,0.0
9.954859018325806,-0.16084940192376734,0.3305420734584641,0.0
9.959474086761475,-0.15947037385272395,0.3311078684603273,0.0
9.963817834854126,-0.1580890565786753,0.33165181072588545,0.0
9.968250274658203,-0.15670635162838473,0.33191455802190056,0.0
9.97307825088501,-0.15532310158709556,0.332001409408362,0.0
9.97779893875122,-0.15393881633689402,0.33230371539534587,0.0
9.982106924057007,-0.15255296856444236,0.3327029464114657,0.0
9.98646354675293,-0.15116640954684107,0.33279748117076957,0.0
9.991301536560059,-0.14978018598542117,0.3326586368956944,0.0
9.995910882949829,-0.1483937666334997,0.3327675565547542,0.0
10.000341653823853,-0.1470068519409777,0.3328897572935202,0.0
10.004985570907593,-0.14561991625143117,0.33285575362304853,0.0
10.009826183319092,-0.1442329267885494,0.33288429119252105,0.0
10.014155387878418,-0.14284504219306393,0.3331612000255182,0.0
10.018532037734985,-0.1414568125419003,0.3331793360716383,0.0
10.02327561378479,-0.14006910431522385,0.3330064532137875,0.0
10.027999877929688,-0.13868155656476464,0.3330127124288417,0.0
10.03234338760376,-0.13729351330035763,0.33316917509425803,0.0
10.037006378173828,-0.1359055175952581,0.33310182554421097,0.0
10.041795015335083,-0.13451748299740857,0.33313671040289866,0.0
10.04607892036438,-0.13312862458138958,0.33338867816136036,0.0
10.050533771514893,-0.1317395975113524,0.3333586916645406,0.0
10.055530786514282,-0.13035098893040742,0.3332347836328763,0.0
10.060237407684326,-0.12896153479486208,0.33354660692753985,0.0
10.064515590667725,-0.127570393875,0.3339824174553333,0.0
10.06887936592102,-0.12617836726189977,0.3341206089179067,0.0
10.073699951171875,-0.12478636570288545,0.33406655596121226,0.0
10.078310012817383,-0.12339377013301463,0.33427461792766117,0.0
10.082593202590942,-0.12200017903195765,0.3345238263493997,0.0
10.086931467056274,-0.12060640784145418,0.33449842909661,0.0
10.091804504394531,-0.11921336179889161,0.33427488190236304,0.0
10.0964035987854,-0.11782020744147984,0.3343840035343055,0.0
10.100851058959961,-0.11642645094703168,0.3345403050721085,0.0
10.105775356292725,-0.1150323572756894,0.33459611910257653,0.0
10.110472440719604,-0.11363689525519927,0.33501531853827005,0.0
10.114781618118286,-0.11223932320346511,0.3355507704187326,0.0
10.11913251876831,-0.11084035294380665,0.3358197619498768,0.0
10.123926877975464,-0.10944091038702684,0.3358812738475987,0.0
10.128491163253784,-0.10804048731958861,0.3361744859874229,0.0
10.13278865814209,-0.10663886172171123,0.3364615582802226,0.0
10.137401342391968,-0.10523685422143904,0.3364881312902722,0.0
10.142255306243896,-0.10383454683362323,0.33657522522977223,0.0
10.146541118621826,-0.10243098298452621,0.33694819762045114,0.0
10.15099287033081,-0.10102673127325117,0.33704405121634956,0.0
10.155885457992554,-0.09962238599250099,0.33704206565387795,0.0
10.1607186794281,-0.09821702067851348,0.3373690608575606,0.0
10.165038108825684,-0.09680952515081159,0.33794166962282174,0.0
10.169350862503052,-0.0954004684280103,0.3382504445575759,0.0
10.174078464508057,-0.09399091246456742,0.3383073391358194,0.0
10.178914070129395,-0.09258061986353384,0.3385240581480059,0.0
10.183310985565186,-0.09116864731663943,0.33898933577165163,0.0
10.187996864318848,-0.0897553214903057,0.3392673402102174,0.0
10.192625522613525,-0.08834053393867637,0.3396423971369533,0.0
10.196944952011108,-0.08692408045354472,0.34005046629556035,0.0
10.201331615447998,-0.0855067484992485,0.3401956252455629,0.0
10.206141233444214,-0.08408937403233074,0.34016089453230947,0.0
10.21155071258545,-0.08267141961612468,0.34035799027954317,0.0
10.215914011001587,-0.08125022426333943,0.34132916488017,0.0
10.22059154510498,-0.07982583288636157,0.3420282423303327,0.0
10.225473403930664,-0.07839842080605532,0.34276182716842984,0.0
10.22977352142334,-0.07696728138025692,0.34370997931140396,0.0
10.23418641090393,-0.07553329460078981,0.34430518577494196,0.0
10.238860368728638,-0.0740975380457,0.3446731807607315,0.0
10.24355936050415,-0.0726601572451292,0.345070264010177,0.0
10.2478768825531,-0.07122097619864651,0.34551396529952577,0.0
10.252239465713501,-0.06978092668969887,0.3456440745461715,0.0
10.256879806518555,-0.06834111138400606,0.34552584342397574,0.0
10.261495590209961,-0.06690169700560265,0.3454369500325151,0.0
10.265801906585693,-0.06546263121628916,0.3453550329263519,0.0
10.270087957382202,-0.06402476790719425,0.3449976422681569,0.0
10.274762868881226,-0.06258922995549646,0.34437275536528367,0.0
10.27951979637146,-0.06115592792926519,0.3438655197205362,0.0
10.284079313278198,-0.05972414193261167,0.34354940662945777,0.0
10.28879690170288,-0.058293668044929005,0.34323490634016,0.0
10.29345154762268,-0.056864034360103545,0.3430708248740433,0.0
10.297767639160156,-0.05543481879263157,0.3429916934761314,0.0
10.30216670036316,-0.054006641452235056,0.3426859235532521,0.0
10.306840181350708,-0.052580143578613216,0.34225046937078635,0.0
10.311447143554688,-0.051155039886794124,0.3419494373429135,0.0
10.31574034690857,-0.04973097513646006,0.3417172982126087,0.0
10.320109844207764,-0.04830855018064208,0.3412700284876565,0.0
10.324897766113281,-0.046888376997288636,0.3406986031370584,0.0
10.329491138458252,-0.0454697462815429,0.3403953912698782,0.0
10.3340003490448,-0.04405213379911786,0.34017060088679163,0.0
10.338839054107666,-0.04263545533479344,0.33994664835287464,0.0
10.34352159500122,-0.04121877837052765,0.34002070605112605,0.0
10.347856283187866,-0.03980136553870272,0.34023144562080415,0.0
10.352144956588745,-0.03838365045878973,0.34025799261013245,0.0
10.35691213607788,-0.03696648415298665,0.3400736223375571,0.0
10.361571311950684,-0.03554936494135027,0.34011991932648084,0.0
10.365851402282715,-0.03413168292691839,0.34028453788467555,0.0
10.37036919593811,-0.03271402014105706,0.34022360529624046,0.0
10.375473976135254,-0.0312966074818224,0.34016387773433954,0.0
10.379882097244263,-0.029877827979960053,0.34062096543320286,0.0
10.384331703186035,-0.028457567309215722,0.3409426329474621,0.0
10.389235973358154,-0.027036255659292713,0.341171763087273,0.0
10.394031047821045,-0.02561302694822785,0.34170871697917743,0.0
10.398350954055786,-0.024186984038175582,0.34243019669457,0.0
10.402682065963745,-0.022758712511415667,0.34290296551806104,0.0
10.407540798187256,-0.021329177379885603,0.3431498266630833,0.0
10.412250280380249,-0.019897853773422867,0.34363974714536977,0.0
10.41669487953186,-0.018464202612290533,0.3442212174844831,0.0
10.421539306640625,-0.017028593993563542,0.34465384516557274,0.0
10.426222801208496,-0.01559055899452707,0.3452859894048928,0.0
10.43048906326294,-0.014149763251362584,0.3459586936521347,0.0
10.434799909591675,-0.012707181324272909,0.3463061824764485,0.0
10.439601182937622,-0.011263987953746479,0.3463861361962164,0.0
10.444268465042114,-0.009819940628347377,0.34663267720222823,0.0
10.448547601699829,-0.008374745431909258,0.34691779938283807,0.0
10.452860593795776,-0.006929283055854176,0.346908392138365,0.0
10.457643985748291,-0.005484624908123629,0.34665428986024793,0.0
10.462507009506226,-0.004040493570672082,0.3465703365271843,0.0
10.466997861862183,-0.00259600739056204,0.3467117692526639,0.0
10.471760988235474,-0.0011512533419358573,0.34675039268731095,0.0
10.476383686065674,0.0002940695227722803,0.3469194809123044,0.0
10.480705261230469,0.0017401052063271063,0.34709122082902055,0.0
10.485066652297974,0.0031860790416204767,0.3470143015741992,0.0
10.489824295043945,0.004631115110620602,0.346739952135596,0.0
10.494502305984497,0.006075462471652582,0.3466109502647017,0.0
10.498892307281494,0.007519493890573232,0.3465528188822908,0.0
10.503624439239502,0.008962753567363637,0.34632532189657744,0.0
10.508325338363647,0.010405452534924049,0.3462216716097949,0.0
10.513657808303833,0.011848002540476063,0.34620851356223253,0.0
10.518535137176514,0.013292361346324486,0.3467914323692173,0.0
10.523297309875488,0.014739709823984669,0.34755373469962336,0.0
10.529076099395752,0.01619043868505805,0.3483813242025237,0.0
10.534321784973145,0.01764733153503563,0.3500775131057594,0.0
10.53939962387085,0.01911242285423702,0.3521354423698322,0.0
10.547402143478394,0.020586650805911943,0.3543730895445937,0.0
10.552575588226318,0.022077932669139537,0.3590832089436472,0.0
10.557241439819336,0.023588846756531612,0.36379543764904415,0.0
10.562573671340942,0.025117985725537986,0.36805684768768315,0.0
10.568067073822021,0.026665069480004498,0.3723786422535917,0.0
10.572838306427002,0.02823058700777876,0.3768367432988241,0.0
10.578114986419678,0.029813156517604494,0.38080756772431473,0.0
10.58312177658081,0.031411954778852,0.3846771844140456,0.0
10.587700366973877,0.03302579501167992,0.38820090400704965,0.0
10.592911958694458,0.034652153817666,0.39103263351077305,0.0
10.598140001296997,0.0362897329414391,0.39367931285953767,0.0
10.604459762573242,0.037937751705089985,0.39613786335084095,0.0
10.609118223190308,0.03959800458753547,0.39923289200812223,0.0
10.614037990570068,0.041268928454821364,0.40161631987331586,0.0
10.61859917640686,0.04294825411690564,0.4035106892035396,0.0
10.623397588729858,0.04463313296691027,0.404656679494744,0.0
10.628557682037354,0.04632112833080417,0.4052722740385818,0.0
10.633402824401855,0.04801097291521177,0.40565896169440335,0.0
10.63839840888977,0.049701005638131526,0.40559053802802175,0.0
10.64322543144226,0.05138977718358083,0.4052099553667084,0.0
10.647583484649658,0.053075667830738305,0.40441517472580657,0.0
10.65267539024353,0.05475597068819296,0.4028924363655411,0.0
10.657609462738037,0.05642954789060009,0.40124788151346513,0.0
10.662018299102783,0.05809559994490779,0.3993881473275059,0.0
10.666491508483887,0.05975212169811761,0.39695869215750007,0.0
10.671212434768677,0.06139707615294367,0.39406723909644614,0.0
10.676180362701416,0.0630292836200325,0.39095214548121215,0.0
10.680689573287964,0.06464851032300145,0.3878366624183859,0.0
10.685588836669922,0.06625380612328714,0.38441743303907344,0.0
10.690690040588379,0.06784494686776693,0.38102753580126736,0.0
10.695315837860107,0.06942260008492117,0.37784137486087943,0.0
10.69969916343689,0.07098659915748413,0.37453416239572757,0.0
10.704370021820068,0.0725360177410031,0.370970940908711,0.0
10.708961963653564,0.07407058242959283,0.3674054270689258,0.0
10.713376998901367,0.07559021067203317,0.3638142728413616,0.0
10.718280553817749,0.07709451201424929,0.3601067667599769,0.0
10.723124742507935,0.07858420518112276,0.35666783552057457,0.0
10.727483749389648,0.08006032180483644,0.35346951913831476,0.0
10.731958866119385,0.08152284527212739,0.3501858498539968,0.0
10.736786842346191,0.08297178152991973,0.3469324749874564,0.0
10.741445541381836,0.084408107286532,0.3439814130398983,0.0
10.745758056640625,0.08583273747334648,0.34122241593863656,0.0
10.75010371208191,0.08724576358234687,0.3384287877843632,0.0
10.754699468612671,0.08864719576791191,0.3356499280906323,0.0
10.75931715965271,0.09003770419857322,0.3330805054926515,0.0
10.763677597045898,0.09141823694787872,0.3307446444383987,0.0
10.768486261367798,0.09278923683348592,0.32847271390116595,0.0
10.773168802261353,0.09415196918988127,0.3265842296799019,0.0
10.7775137424469,0.09550774023075417,0.32498596501462435,0.0
10.782010316848755,0.09685703272113695,0.3234455557276109,0.0
10.786748170852661,0.09820043432771859,0.3220738633721252,0.0
10.791481971740723,0.09953915511562514,0.3210330786626176,0.0
10.795768976211548,0.10087452678584205,0.32030814407600655,0.0
10.800100088119507,0.10220689130977542,0.31958750128165875,0.0
10.804816007614136,0.10353637270366634,0.3189050974949742,0.0
10.809503316879272,0.10486393272143818,0.31851759139246555,0.0
10.813851118087769,0.10619069115955203,0.318390137417101,0.0
10.81861424446106,0.10751698371858254,0.31828353284846844,0.0
10.823540925979614,0.10884374136538581,0.31846776507130464,0.0
10.827911615371704,0.11017244447559094,0.31902873283523187,0.0
10.832281351089478,0.1115034404106737,0.31957545520729624,0.0
10.836842775344849,0.1128366500090323,0.32010159725209064,0.0
10.8415048122406,0.11417235865140832,0.32072586729728103,0.0
10.845797538757324,0.11551113670737952,0.3214999226465393,0.0
10.850624084472656,0.11685281213283734,0.32216911111321883,0.0
10.855558633804321,0.11819801136098164,0.32307355918887876,0.0
10.859950542449951,0.11954785562829727,0.32425836199905944,0.0
10.864379644393921,0.12090234436174986,0.3253496997121902,0.0
10.869173765182495,0.12226114328538865,0.3263652164243812,0.0
10.874130010604858,0.1236246373065952,0.32752907489041755,0.0
10.878464937210083,0.12499369824501246,0.3289224308066512,0.0
10.88274621963501,0.12636797772829425,0.33012799915868124,0.0
10.887397289276123,0.127746583971914,0.331110809035359,0.0
10.892241716384888,0.1291293168966522,0.3321037399875046,0.0
10.896522283554077,0.1305165588184178,0.33321558834998366,0.0
10.900929927825928,0.13190765625891065,0.3340788533271008,0.0
10.90566372871399,0.13330183392071307,0.33477684642119543,0.0
10.910214900970459,0.1346990344390531,0.3355114808406862,0.0
10.914586782455444,0.13609902767479679,0.3361603131968551,0.0
10.919231176376343,0.13750110535132531,0.33661114928374547,0.0
10.924241542816162,0.1389049775306005,0.33703512555633025,0.0
10.928543090820312,0.1403112123069109,0.3376497457394544,0.0
10.932918787002563,0.14171920767733617,0.3380083812219835,0.0
10.937690496444702,0.14312806589934768,0.338165042561439,0.0
10.942341089248657,0.1445377129323581,0.3383652236304545,0.0
10.946631669998169,0.14594808328467354,0.33852997669896645,0.0
10.951019525527954,0.14735835335551642,0.33844308476194573,0.0
10.955831050872803,0.14876769476679452,0.3381749611186146,0.0
10.96036672592163,0.15017616769962217,0.33798638810555975,0.0
10.96476697921753,0.1515835782446705,0.33770932281348714,0.0
10.969702005386353,0.15298932405466512,0.3372690369084665,0.0
10.974341630935669,0.15439373647829824,0.3369890448646865,0.0
10.978626251220703,0.15579691565704448,0.3366877478629865,0.0
10.983159065246582,0.15719813107002276,0.3361598764193155,0.0
10.987841129302979,0.15859693370168507,0.33556377424522993,0.0
10.992980241775513,0.15999332798371818,0.33499179303354165,0.0
10.99754786491394,0.16138823914190745,0.334707728829108,0.0
11.001891374588013,0.16278179121359368,0.33436753470376457,0.0
11.006633758544922,0.164173360220526,0.3338464312618243,0.0
11.01130223274231,0.16556293910640724,0.33338326929511297,0.0
11.015777587890625,0.16695063167908067,0.33293403109833924,0.0
11.020799160003662,0.16833615518539752,0.3323897172009353,0.0
11.025765895843506,0.16972009793332463,0.33206521949934226,0.0
11.0304536819458,0.17110324159423668,0.33191760355220634,0.0
11.034785270690918,0.17248580006746622,0.3317795459674418,0.0
11.039569854736328,0.1738671854333857,0.3314502524069645,0.0
11.044566631317139,0.1752474206532369,0.3311919413029747,0.0
11.048887729644775,0.1766271548770975,0.3311176504964976,0.0
11.053226470947266,0.17800595068520045,0.3308422058878473,0.0
11.057754278182983,0.17938303262863237,0.33038565986388935,0.0
11.062308311462402,0.18075800354568827,0.3298623413948186,0.0
11.066688776016235,0.18213064554671163,0.32929154749291517,0.0
11.071335554122925,0.18350047861217247,0.3285830090325877,0.0
11.07616662979126,0.18486741254054617,0.3278914575064503,0.0
11.080432176589966,0.18623183512541347,0.32731829678207086,0.0
11.08474063873291,0.1875932719434176,0.3265539817212671,0.0
11.089539527893066,0.188951040284293,0.3256349019576841,0.0
11.094257116317749,0.1903053556159636,0.32483625016976875,0.0
11.098577976226807,0.19165657461002478,0.32411160956263385,0.0
11.103006839752197,0.19300434240789738,0.3232488273657951,0.0
11.107757091522217,0.19434829718773405,0.32231628194536116,0.0
11.112313508987427,0.19568870418984155,0.3214917985307465,0.0
11.1166672706604,0.19702568775966628,0.3206711257134528,0.0
11.12153959274292,0.1983589414617482,0.31975116282223204,0.0
11.12633204460144,0.1996889288501279,0.31901252655462053,0.0
11.130733013153076,0.20101625437572976,0.3184068915921573,0.0
11.135085344314575,0.20234082025695946,0.3177257118971866,0.0
11.139921426773071,0.2036622525253072,0.3169500505520531,0.0
11.144560098648071,0.20498096270531874,0.3163374745795247,0.0
11.148864507675171,0.20629729201489877,0.3157797673856036,0.0
11.153382778167725,0.20761092873651646,0.31510408487988534,0.0
11.158680200576782,0.2089217488107218,0.3144279848199017,0.0
11.163062334060669,0.2102309976636258,0.31415041498349855,0.0
11.167513608932495,0.21153881723078738,0.31378559888310115,0.0
11.172542333602905,0.21284496673326697,0.3133728010789179,0.0
11.177199840545654,0.2141501644015265,0.3132057252594525,0.0
11.181484937667847,0.21545480653390367,0.3130836302419706,0.0
11.185771703720093,0.21675848408558732,0.31281571535217306,0.0
11.190605401992798,0.21806061219618672,0.3124092486250488,0.0
11.195295333862305,0.21936148616996037,0.3121433642672173,0.0
11.199626684188843,0.22066144347029779,0.3119386357985745,0.0
11.204359531402588,0.22196017070000884,0.3116132986079979,0.0
11.2091703414917,0.22325780054383365,0.311370552375229,0.0
11.213494777679443,0.22455477983144143,0.3112432502594759,0.0
11.217865943908691,0.22585082103591284,0.310985543183612,0.0
11.222785949707031,0.22714546881285191,0.310625584075749,0.0
11.227624654769897,0.22843914554676975,0.310434779133699,0.0
11.231919527053833,0.22973240114726826,0.31036357796734065,0.0
11.236583948135376,0.2310248865680504,0.31014090599732475,0.0
11.241455554962158,0.23231654538265267,0.30995060549723047,0.0
11.245855569839478,0.23360781249144846,0.3098886506417008,0.0
11.250231266021729,0.23489848973835534,0.30972058244555256,0.0
11.255208492279053,0.2361881090878453,0.30943811634613244,0.0
11.260015726089478,0.2374771007116277,0.30933134178354416,0.0
11.264328241348267,0.23876591042257062,0.30930869415020307,0.0
11.268640279769897,0.2400541369473667,0.30912967556735765,0.0
11.273289442062378,0.24134114596526218,0.3087997956242598,0.0
11.278156280517578,0.24262682298404667,0.30848351154889125,0.0
11.282482862472534,0.24391153711711203,0.3082807797214324,0.0
11.287029027938843,0.24519495246305203,0.3079327918823248,0.0
11.29200267791748,0.2464768017983176,0.307547676199634,0.0
11.296578645706177,0.24775755202616107,0.307324282460325,0.0
11.300908327102661,0.24903727415799537,0.30706976635505223,0.0
11.305740594863892,0.25031548492439476,0.30667101342044856,0.0
11.310494661331177,0.2515923225925092,0.30636451073630616,0.0
11.314810276031494,0.2528680422656778,0.3061089041984221,0.0
11.319133758544922,0.2541422202972745,0.305700828142262,0.0
11.324089288711548,0.25541425390987366,0.3051506826511238,0.0
11.328866481781006,0.25668446631757125,0.304751232496345,0.0
11.333233833312988,0.2579532098412704,0.3044143205394159,0.0
11.337878704071045,0.25922015760012956,0.3039520173916637,0.0
11.342537641525269,0.2604851931595229,0.3034942128739028,0.0
11.346880674362183,0.26174835337511837,0.30304670091740776,0.0
11.351254224777222,0.2630092399138771,0.3024683332363622,0.0
11.355837106704712,0.26426737101668496,0.30177941465711,0.0
11.360510349273682,0.26552259535690986,0.301078892502132,0.0
11.36480164527893,0.2667749948334126,0.30040843372450066,0.0
11.369123697280884,0.26802417047830795,0.29960033243109,0.0
11.37382197380066,0.2692696177148485,0.2986766404339152,0.0
11.378499269485474,0.270511393225134,0.29780956757108346,0.0
11.3828866481781,0.27174970383080893,0.29698980749448906,0.0
11.387790441513062,0.2729843543095125,0.2960918406142718,0.0
11.392575025558472,0.2742157347495807,0.2953447070513267,0.0
11.396857738494873,0.27544429632603773,0.29469168806627327,0.0
11.401226043701172,0.2766697484285142,0.2939143624059379,0.0
11.405877113342285,0.2778917111828708,0.2930568999891925,0.0
11.410741090774536,0.2791102458834799,0.2922457295506989,0.0
11.415104389190674,0.2803258272054033,0.2915710005648161,0.0
11.419730186462402,0.28153834550670137,0.29081576397885284,0.0
11.42475414276123,0.28274782782718294,0.2900959850099301,0.0
11.42932677268982,0.28395494359944434,0.289578561664581,0.0
11.433815717697144,0.28515991601237284,0.289065159423905,0.0
11.438748121261597,0.286362651895149,0.28852061126908235,0.0
11.443501234054565,0.2875636026396075,0.28813084251872667,0.0
11.447809219360352,0.2887631555739277,0.287813447322645,0.0
11.452192306518555,0.28996102270559504,0.28737981820245634,0.0
11.45689868927002,0.29115683098050554,0.28686554696484656,0.0
11.4615638256073,0.29235067013981125,0.2864068391108194,0.0
11.46601152420044,0.29354270928586235,0.2859837280745336,0.0
11.470810890197754,0.29473281214532987,0.2855051666479389,0.0
11.475498676300049,0.2959212007634119,0.285116107265352,0.0
11.479823350906372,0.2971080907221976,0.2847662127827808,0.0
11.484289407730103,0.29829317747790046,0.28430584581973745,0.0
11.489142179489136,0.2994761923302341,0.28379630369954445,0.0
11.493923425674438,0.300657420993072,0.28339454391340285,0.0
11.498239755630493,0.30183720460324204,0.2830660291027425,0.0
11.502697706222534,0.30301525452834915,0.28262078217382236,0.0
11.507487535476685,0.3041912742119119,0.28211953314877336,0.0
11.512287139892578,0.3053654472513057,0.2816956712748655,0.0
11.516670227050781,0.30653809414312705,0.2813485730302284,0.0
11.521521806716919,0.307709007773143,0.2809096495056926,0.0
11.526188135147095,0.30887838911518567,0.2805656029260246,0.0
11.530486106872559,0.31004638930545536,0.28023831240437796,0.0
11.534853219985962,0.3112126228320319,0.27978210571115486,0.0
11.539716720581055,0.31237665190172226,0.2792287696285595,0.0
11.544428586959839,0.3135386843079167,0.2787742598235687,0.0
11.548720121383667,0.3146989326759274,0.2783548625093997,0.0
11.553292036056519,0.31585703073242927,0.27780658976951733,0.0
11.558583736419678,0.3170127938915016,0.27724218289088826,0.0
11.562961101531982,0.3181670140348162,0.27693649651675456,0.0
11.567262649536133,0.3193196413941541,0.2765287228256552,0.0
11.571950674057007,0.3204701712485038,0.27599347257954754,0.0
11.576592445373535,0.3216185446790006,0.275481827899819,0.0
11.580918550491333,0.3227648004778323,0.2749747323062878,0.0
11.585210800170898,0.3239085851778154,0.2743530358257059,0.0
11.589884281158447,0.32504939796599175,0.27360928059873285,0.0
11.594974517822266,0.32618719359575754,0.2728917016428141,0.0
11.599308967590332,0.32732256285391015,0.2723544175941139,0.0
11.603898763656616,0.32845535695928063,0.2717094844788338,0.0
11.608827114105225,0.3295854369756539,0.27105595440558666,0.0
11.61327338218689,0.3307131575286365,0.27051874513803315,0.0
11.617619514465332,0.33183843410071073,0.2699157532897641,0.0
11.622588396072388,0.3329608871665564,0.269213247273326,0.0
11.627424001693726,0.33408082486246393,0.26864247061921603,0.0
11.63175106048584,0.335198625784261,0.26814894591547994,0.0
11.636106014251709,0.3363140247626948,0.267544852908577,0.0
11.640888452529907,0.337426607151123,0.26684492585216046,0.0
11.64543104171753,0.33853646717820857,0.266207066304021,0.0
11.649969816207886,0.3396435871577875,0.26554287490721873,0.0
11.654906988143921,0.34074785731228263,0.2648523318765,0.0
11.659778356552124,0.3418496142574345,0.26427826316292496,0.0
11.664142608642578,0.3429492531813766,0.26379183560733077,0.0
11.668442249298096,0.3440465657637068,0.2632095656542466,0.0
11.673088550567627,0.3451410936294702,0.26251256627114494,0.0
11.677996635437012,0.3462327545410839,0.2618274708015965,0.0
11.682318687438965,0.3473218824212671,0.2612452464340893,0.0
11.686601638793945,0.348408254109704,0.2605573577117824,0.0
11.691254377365112,0.34949140214715807,0.2597551046376098,0.0
11.696304559707642,0.3505712674032665,0.25897202760656346,0.0
11.700675249099731,0.35164835676208345,0.2583447379169204,0.0
11.70534896850586,0.35272256988436346,0.2576334522349199,0.0
11.710115432739258,0.35379389261492555,0.2569456169860162,0.0
11.714438676834106,0.35486251859736395,0.2563119257810003,0.0
11.718819856643677,0.35592819591247626,0.2555795981862563,0.0
11.723500728607178,0.356990589500184,0.25477292578755556,0.0
11.728198289871216,0.3580497178299476,0.2539969276671264,0.0
11.732518196105957,0.3591057241961816,0.2532565583042394,0.0
11.737244606018066,0.3601583591125856,0.25242449781711923,0.0
11.742655038833618,0.36120767938752085,0.25164115685460997,0.0
11.747283935546875,0.3622545929386237,0.251132073953208,0.0
11.75168514251709,0.3632993944461216,0.25062591313303484,0.0
11.756407737731934,0.36434185794957297,0.2500464829023564,0.0
11.761293411254883,0.36538201579514246,0.24950180954709333,0.0
11.765677452087402,0.36642017203531513,0.24904283960843565,0.0
11.770494937896729,0.36745615694757555,0.24850101673715164,0.0
11.775612115859985,0.3684900734140081,0.24801971174032902,0.0
11.78034257888794,0.369522464114375,0.24769187780896812,0.0
11.784862756729126,0.37055355111640886,0.24738396895870038,0.0
11.789835929870605,0.3715831961480402,0.24702518192733644,0.0
11.7949538230896,0.37261164003804864,0.24676039799247845,0.0
11.799624919891357,0.37363939703196286,0.2466288327757921,0.0
11.804824113845825,0.37466654972447955,0.2464793139451622,0.0
11.809610605239868,0.37569353616111695,0.24647593048409921,0.0
11.814168930053711,0.3767205252548775,0.24647790793662624,0.0
11.8185715675354,0.37774730067249496,0.24640888265834618,0.0
11.823299646377563,0.3787734110910636,0.24621910848174405,0.0
11.82813048362732,0.37979867552750374,0.24601165457830682,0.0
11.832518100738525,0.3808231117654969,0.24581578057352496,0.0
11.837323188781738,0.38184632775553096,0.24549061025688837,0.0
11.842509031295776,0.38286819535573546,0.24516751495194378,0.0
11.847208023071289,0.3838890791246856,0.2449603712341834,0.0
11.851590871810913,0.3849089710683826,0.24471204042663317,0.0
11.856524229049683,0.38592739447410124,0.24432490354381972,0.0
11.861590147018433,0.3869443034280992,0.2439693199459469,0.0
11.866147994995117,0.38795994185362825,0.24368126937073079,0.0
11.870639085769653,0.38897409515059,0.24330205668411242,0.0
11.875345468521118,0.38998632535239697,0.24281308422479964,0.0
11.880429029464722,0.3909963847086435,0.2422814093028598,0.0
11.88496994972229,0.39200444605397416,0.24181926120169467,0.0
11.889764785766602,0.39301028143751193,0.2412610143338681,0.0
11.894932985305786,0.3940137324947495,0.24068411377943347,0.0
11.90000867843628,0.39501506194625313,0.24019748812963254,0.0
11.904640674591064,0.3960145428814261,0.23976816376193277,0.0
11.909358263015747,0.3970119953293161,0.23926216476681503,0.0
11.914191722869873,0.3980071816178667,0.23870566555041248,0.0
11.918673038482666,0.39899999751353493,0.23813264079831833,0.0
11.923681735992432,0.39999005512837227,0.23744101249708063,0.0
11.928852081298828,0.4009773455149961,0.23678603694976347,0.0
11.933753490447998,0.4019621569628529,0.23621109148873481,0.0
11.938801050186157,0.40294456845241794,0.23563475271448694,0.0
11.94365644454956,0.40392469832785716,0.2350967439611663,0.0
11.94815444946289,0.404902526185112,0.23453943587972897,0.0
11.952505111694336,0.40587765562940903,0.2338617258992512,0.0
11.957275390625,0.40684946934074706,0.23302661128074764,0.0
11.962205171585083,0.4078176969203015,0.23215742321781638,0.0
11.966697931289673,0.4087823392858758,0.2312998815872365,0.0
11.971684217453003,0.4097430669811828,0.23033304490906864,0.0
11.976717948913574,0.41069986486386884,0.22939777899188732,0.0
11.981380701065063,0.41165290219613176,0.22850615221172854,0.0
11.985780477523804,0.4126020400961682,0.22755554775932021,0.0
11.990579605102539,0.4135468198586714,0.22647782374299158,0.0
11.995333909988403,0.41448706991704987,0.22538755949768952,0.0
11.999741554260254,0.4154227065302563,0.22427467919234953,0.0
12.004791259765625,0.4163533535859431,0.22304899062627323,0.0
12.00978684425354,0.4172790978518801,0.2218886524975388,0.0
12.014238119125366,0.4182001637102073,0.22077833487977494,0.0
12.018572092056274,0.4191163086279054,0.21957374736575164,0.0
12.023249626159668,0.4200270628252234,0.2182502557460691,0.0
12.028107166290283,0.42093223701240784,0.2169058164792038,0.0
12.032590389251709,0.4218319028397052,0.21559128302237174,0.0
12.037397623062134,0.42272588625450025,0.21421109309952752,0.0
12.042652606964111,0.4236141944180385,0.21285507185325966,0.0
12.047439813613892,0.42449729438304323,0.21164044070108506,0.0
12.051786184310913,0.4253753890185165,0.21044360908356624,0.0
12.056526899337769,0.4262482058442096,0.2091536605117117,0.0
12.061403751373291,0.4271156907255525,0.20787741825985126,0.0
12.065763473510742,0.4279780147557393,0.2066513539447872,0.0
12.070144176483154,0.4288349813942749,0.2053456819666423,0.0
12.074923276901245,0.4296862951075213,0.20397197394064553,0.0
12.079954862594604,0.43053200229932126,0.2026357848241935,0.0
12.084328889846802,0.4313724596398519,0.20140121866494146,0.0
12.089011907577515,0.43220757724653946,0.20010402947968856,0.0
12.093963861465454,0.4330373490453713,0.19882576421213355,0.0
12.098286390304565,0.43386206564558755,0.1976341805685385,0.0
12.102681398391724,0.4346816046200621,0.1963745388322944,0.0
12.107486248016357,0.43549575491796005,0.19507004489651236,0.0
12.112329244613647,0.4363046541601563,0.19382453225688875,0.0
12.116825819015503,0.4371085769757126,0.19264723993122596,0.0
12.121768712997437,0.43790754659240333,0.19145464686675112,0.0
12.12676477432251,0.43870184042634,0.19035591902907142,0.0
12.131319999694824,0.4394918816098546,0.18936130458908407,0.0
12.135726928710938,0.4402777688524378,0.18836358078403262,0.0
12.140538930892944,0.44105938457761434,0.18732927138236427,0.0
12.14549994468689,0.44183688095464996,0.1863558443140287,0.0
12.149954795837402,0.4426106145661756,0.18547622738333971,0.0
12.154792785644531,0.4433805994722386,0.18456984824401088,0.0
12.15988039970398,0.4441470048390215,0.18372651676444327,0.0
12.164605379104614,0.4449102636678422,0.1830007262216379,0.0
12.168961524963379,0.44567059010975957,0.18230428989911465,0.0
12.175613403320312,0.44642783926680607,0.18155170727017272,0.0
12.18026065826416,0.44718339812022173,0.18126163960848807,0.0
12.18465805053711,0.44793771759348555,0.1809617275868196,0.0
12.189607858657837,0.44869057401688694,0.18059352649415167,0.0
12.194427013397217,0.4494420654573482,0.18027946185213922,0.0
12.198768615722656,0.4501923098924725,0.17998510684131017,0.0
12.203126668930054,0.4509410490539367,0.1796015429912201,0.0
12.207889556884766,0.4516879255886271,0.17913336199323132,0.0
12.212664604187012,0.45243286548432826,0.17866969715961695,0.0
12.217061996459961,0.4531758873976321,0.17821049705958883,0.0
12.222030878067017,0.4539167480611735,0.17767196823249085,0.0
12.226822137832642,0.4546555027717333,0.17717756977273968,0.0
12.231194972991943,0.45539220396299396,0.17668524253138082,0.0
12.235562086105347,0.45612657623300135,0.17610410158127618,0.0
12.240300416946411,0.45685825208724984,0.17543496676719642,0.0
12.245128870010376,0.4575871152704798,0.17475795683218587,0.0
12.249437808990479,0.45831318838184354,0.17409080265425825,0.0
12.253983974456787,0.4590361709740365,0.17332422621358834,0.0
12.259181261062622,0.4597558124344338,0.17251059143314998,0.0
12.26403546333313,0.4604723376074724,0.17178458556171314,0.0
12.268505096435547,0.46118587781115006,0.1710713959971296,0.0
12.273349523544312,0.46189623792803486,0.17029150101541898,0.0
12.278454303741455,0.4626033821836724,0.16952238916255474,0.0
12.28287124633789,0.4633075136607214,0.1688146667731317,0.0
12.287378787994385,0.46400844848757333,0.16802764964912514,0.0
12.292183637619019,0.46470592067873207,0.1671819475757283,0.0
12.297110795974731,0.46539987490567775,0.16633809890072482,0.0
12.301578044891357,0.4660903916225333,0.1655193766012227,0.0
12.306398153305054,0.4667772909561595,0.16463472393773546,0.0
12.311325788497925,0.46746051933510646,0.16375490168224333,0.0
12.315786361694336,0.46814015958829036,0.16289997360040928,0.0
12.320489883422852,0.4688160322242945,0.1619793145187611,0.0
12.325622797012329,0.46948801620858527,0.16104183235058858,0.0
12.330424070358276,0.4701562964350299,0.16016912015234874,0.0
12.334859132766724,0.4708209383562472,0.15929576586890695,0.0
12.340538740158081,0.4714817253461461,0.1583533083299615,0.0
12.345449924468994,0.4721390975767558,0.1575747298816727,0.0
12.349905967712402,0.472793270460921,0.15681046393920964,0.0
12.354799747467041,0.4734440388465263,0.15597578215263985,0.0
12.359778642654419,0.4740913648491048,0.15515244571892436,0.0
12.364439725875854,0.474735339376085,0.15435441731431293,0.0
12.368779420852661,0.4753758836767479,0.1535227551460778,0.0
12.373472690582275,0.47601268164202115,0.15260115158262783,0.0
12.378307104110718,0.4766455656477266,0.1516558859605659,0.0
12.382676601409912,0.47727451750108074,0.15071268495302453,0.0
12.387686967849731,0.47789929211829424,0.14969037211274389,0.0
12.392696857452393,0.4785199189206746,0.14870384016664645,0.0
12.39733099937439,0.4791365418849113,0.1477514539146424,0.0
12.401700496673584,0.47974909773723223,0.1467674406770456,0.0
12.40636944770813,0.48035731950178023,0.14570853905702982,0.0
12.411158561706543,0.48096106537502165,0.14462922102132528,0.0
12.415522813796997,0.4815603182597501,0.14355123655050087,0.0
12.420156478881836,0.48215486527214724,0.14240468721979088,0.0
12.425256490707397,0.4827445731692144,0.14123835329893755,0.0
12.430176019668579,0.48332960501497235,0.14013079201141448,0.0
12.434494972229004,0.4839101081311819,0.13905078395068063,0.0
12.43923544883728,0.4844858927811459,0.13790087903130427,0.0
12.443909645080566,0.485056892816915,0.13675310327385135,0.0
12.4482262134552,0.48562308756823364,0.13559800363088204,0.0
12.452688694000244,0.4861842749973575,0.13438069495350055,0.0
12.457381010055542,0.4867402817871522,0.13312866020717481,0.0
12.461994171142578,0.4872910861809489,0.1318812374342797,0.0
12.466315984725952,0.48783667437860057,0.13062786162634546,0.0
12.471007108688354,0.48837688884177255,0.12932605917073098,0.0
12.475634574890137,0.48891171796223604,0.12803668245602634,0.0
12.47995376586914,0.4894411885467574,0.12675174224930258,0.0
12.4842689037323,0.4899651808190873,0.1254269960851838,0.0
12.488826036453247,0.49048354082328305,0.12406625252899843,0.0
12.493507385253906,0.4909962444866411,0.12270980369372568,0.0
12.497820854187012,0.4915033747283879,0.12137845688665726,0.0
12.502172470092773,0.4920048732618308,0.12002009242837594,0.0
12.506767272949219,0.49250065777528673,0.11864439384093108,0.0
12.511496543884277,0.4929907771146563,0.11729010297297056,0.0
12.51589298248291,0.4934753861541435,0.11597823544153193,0.0
12.520762205123901,0.4939545168279273,0.11466244695091167,0.0
12.525543689727783,0.49442836884039365,0.11341186915145779,0.0
12.529860258102417,0.49489717322904553,0.11221348684643871,0.0
12.534233331680298,0.4953609459887801,0.11100282600815835,0.0
12.538870334625244,0.49581966876404526,0.10979038398715513,0.0
12.543544292449951,0.4962734530637605,0.10861421767623701,0.0
12.54787302017212,0.49672246625255245,0.10747951606693658,0.0
12.552325248718262,0.49716673663754796,0.10634005224809702,0.0
12.557145595550537,0.49760630182017707,0.10521420788929922,0.0
12.56183385848999,0.4980413725477938,0.104151261820319,0.0
12.566289901733398,0.49847215186002164,0.10313232279743537,0.0
12.571242094039917,0.4988987264909197,0.1021264703469888,0.0
12.575910806655884,0.49932134969184877,0.10119729485516643,0.0
12.580227613449097,0.4997402188230021,0.10030571649649966,0.0
12.58466100692749,0.5001553481911915,0.09940618487733793,0.0
12.58930492401123,0.500566752285383,0.09851394051519699,0.0
12.594129085540771,0.5009745421762034,0.09765480918448097,0.0
12.598458766937256,0.5013789194257052,0.09684913968244657,0.0
12.602743864059448,0.5017799114568948,0.09603442613206917,0.0
12.607388257980347,0.502177464882594,0.09520564345444742,0.0
12.612218379974365,0.5025716558287552,0.09440591001614487,0.0
12.616499423980713,0.502962667661051,0.09365517019103456,0.0
12.621150732040405,0.5033504958477311,0.09288665018671602,0.0
12.62630033493042,0.5037352003791995,0.09214325310568111,0.0
12.630662679672241,0.5041170563637527,0.09147951549320067,0.0
12.634966611862183,0.5044961023892828,0.09080157443236576,0.0
12.639838218688965,0.5048722576667662,0.09010251546826283,0.0
12.644510984420776,0.5052456296295356,0.0894448734840903,0.0
12.648852348327637,0.5056163120308169,0.08880342729000917,0.0
12.653211832046509,0.505984253463188,0.08814013270737837,0.0
12.65797233581543,0.506349368255389,0.08745670607896555,0.0
12.662752151489258,0.5067117040351705,0.0867952303956621,0.0
12.6672842502594,0.507071350226917,0.08615505356038679,0.0
12.672173023223877,0.5074283070481629,0.0855078471274839,0.0
12.676977157592773,0.5077826548097274,0.08488868287984314,0.0
12.681325912475586,0.5081344730150102,0.08428561250386499,0.0
12.68567681312561,0.5084836781275851,0.08365044648258255,0.0
12.690404176712036,0.5088301368396579,0.08298332049397518,0.0
12.695244789123535,0.5091738306270517,0.08232091961879841,0.0
12.699542760848999,0.5095148067831878,0.08167207749920902,0.0
12.704131126403809,0.5098529527559161,0.08098269975472545,0.0
12.709249258041382,0.5101881865943555,0.08028060925857762,0.0
12.713868856430054,0.510520605500371,0.07961386039733312,0.0
12.718244791030884,0.5108502022401088,0.07893301672443359,0.0
12.722935676574707,0.5111768462500477,0.07821509123407283,0.0
12.72764277458191,0.5115004720127351,0.07748856044674136,0.0
12.731958389282227,0.5118210445167625,0.07675369443522397,0.0
12.736310958862305,0.5121384196228357,0.07597548260108918,0.0
12.740954637527466,0.5124524302331209,0.07515824800214795,0.0
12.745776653289795,0.5127629940467257,0.0743276844442901,0.0
12.750176668167114,0.5130701008813693,0.07349830540557067,0.0
12.75485348701477,0.5133736439715892,0.07263436689962124,0.0
12.759857654571533,0.5136735527826247,0.07175937687305531,0.0
12.764186143875122,0.5139698618941995,0.0708991359792978,0.0
12.768510818481445,0.5142624615381876,0.06999885336410375,0.0
12.77315878868103,0.5145511893115736,0.06905994899426408,0.0
12.778095722198486,0.5148359670096065,0.06810889280224176,0.0
12.782416343688965,0.5151168125344003,0.06716761572873209,0.0
12.786985874176025,0.5153936214039782,0.06618964505870993,0.0
12.792168140411377,0.5156663035157173,0.06519507259323447,0.0
12.796760320663452,0.515934928800988,0.06422841179436191,0.0
12.801223039627075,0.5161994776993378,0.06324618806210168,0.0
12.805885553359985,0.5164598598996711,0.06224025247077213,0.0
12.81062626838684,0.5167160233452179,0.061225562567703215,0.0
12.81491732597351,0.5169679494465348,0.0602078421130521,0.0
12.8192298412323,0.5172155345564131,0.059157964901850844,0.0
12.823909997940063,0.5174586564101373,0.05807968186932647,0.0
12.82865571975708,0.5176972763507574,0.05699849707842088,0.0
12.83298110961914,0.5179313970325474,0.05591912888759686,0.0
12.83776569366455,0.5181609476430727,0.054816495309938436,0.0
12.842514038085938,0.5183859236265028,0.053720158853779135,0.0
12.846856594085693,0.5186063452483027,0.05262820832147206,0.0
12.851274967193604,0.5188221596207754,0.051517871853875984,0.0
12.856044292449951,0.5190333100467646,0.050395520912650545,0.0
12.860814809799194,0.5192398120678103,0.04928214800786424,0.0
12.865110874176025,0.5194417040176051,0.048178049212753475,0.0
12.869428157806396,0.5196389477068883,0.047058638577929676,0.0
12.87401270866394,0.5198314895617484,0.04592718822591938,0.0
12.878848791122437,0.5200193276987649,0.04479914837015697,0.0
12.883362531661987,0.5202025175580307,0.04368771247875593,0.0
12.888063192367554,0.520381079875611,0.042577377526910314,0.0
12.893158674240112,0.520555049667639,0.04147788073701045,0.0
12.897489547729492,0.520724528381693,0.040407234415275724,0.0
12.901839017868042,0.5208895269887531,0.03933048207815447,0.0
12.906671524047852,0.5210500273617523,0.03824996441505468,0.0
12.911386728286743,0.5212060809675166,0.03718717120541897,0.0
12.91573190689087,0.5213577452750456,0.036136859943500264,0.0
12.920096397399902,0.5215050267459435,0.03508445577742643,0.0
12.924725532531738,0.5216479228096694,0.03403192667313857,0.0
12.929342985153198,0.5217864668659321,0.03299012711068196,0.0
12.933677434921265,0.521920702572819,0.03195872162946875,0.0
12.938830614089966,0.5220506430344071,0.030928044775875983,0.0
12.943535089492798,0.5221763793540388,0.02992627809401496,0.0
12.947858333587646,0.522297980886845,0.028937068354003337,0.0
12.95221495628357,0.5224154619641072,0.027948258991101052,0.0
12.956868648529053,0.5225288299213424,0.026961663537042706,0.0
12.961520671844482,0.5226381224436988,0.02598638936124318,0.0
12.965851306915283,0.5227433853334279,0.025021998152689854,0.0
12.970248699188232,0.5228446365039087,0.024059711575991037,0.0
12.97506046295166,0.5229418917732181,0.023101785243628253,0.0
12.979578256607056,0.5230352009894416,0.02215835688965714,0.0
12.984068632125854,0.5231246006450487,0.02122177347043053,0.0
12.988871335983276,0.5232101169854144,0.02029130693023384,0.0
12.993876457214355,0.5232917947356704,0.01937311348021681,0.0
12.998207569122314,0.5233696933175594,0.018469843965099514,0.0
13.002511501312256,0.5234438324801605,0.01756791950488654,0.0
13.007220268249512,0.5235142172683691,0.016667161062308762,0.0
13.01202392578125,0.5235808728102009,0.015774054921835833,0.0
13.01641035079956,0.5236438323307464,0.01488903004747908,0.0
13.021000862121582,0.5237031092275511,0.01400559862792999,0.0
13.02594542503357,0.5237587175927939,0.01312614556001887,0.0
13.030484437942505,0.5238106836418144,0.012253755291527847,0.0
13.034847974777222,0.5238590204143745,0.01138318347528092,0.0
13.03966760635376,0.5239037298534007,0.010512627244195168,0.0
13.044495105743408,0.5239448217472745,0.0096451981081965,0.0
13.048810958862305,0.5239823055997571,0.008779767811267221,0.0
13.053107261657715,0.5240161794159043,0.007913032848128701,0.0
13.057830333709717,0.5240464381375679,0.00704511416854559,0.0
13.062479257583618,0.5240730801260804,0.006177065691924042,0.0
13.066879749298096,0.5240961021368798,0.00530802222118122,0.0
13.071760654449463,0.5241154985635411,0.004437516359986134,0.0
13.076555967330933,0.5241312607743163,0.0035647358026929827,0.0
13.080902814865112,0.5241433766178204,0.0026888250337809396,0.0
13.085310697555542,0.5241518363411872,0.001810836756228672,0.0
13.089864730834961,0.5241566309026754,0.0009306476258298684,0.0
13.09453558921814,0.5241577483978322,4.738268744144882e-05,0.0
13.098855257034302,0.5241551724956179,-0.0008400829153584414,0.0
13.103283882141113,0.524148894153902,-0.0017290417654267942,0.0
13.107857465744019,0.5241389046922202,-0.0026202806155009475,0.0
13.112341403961182,0.5241251898168583,-0.0035153334573583906,0.0
13.116703271865845,0.5241077365982775,-0.004413252415880397,0.0
13.121558427810669,0.5240865383829081,-0.005312345136658332,0.0
13.126620531082153,0.5240615682455272,-0.006219662697705791,0.0
13.130999088287354,0.5240327794099389,-0.007139207041074063,0.0
13.135417699813843,0.5240001551724158,-0.008060020941003105,0.0
13.140152215957642,0.5239636890363515,-0.00898249056879037,0.0
13.144933462142944,0.5239233555012169,-0.009912568477289078,0.0
13.149256467819214,0.523879119071613,-0.010851468822870079,0.0
13.153594970703125,0.5238309740555558,-0.011789249749504157,0.0
13.158313274383545,0.5237789255670394,-0.012725767334675066,0.0
13.162951469421387,0.5237229511901276,-0.01366987916730699,0.0
13.167440414428711,0.5236630254133302,-0.01461962325064178,0.0
13.17238974571228,0.5235991375510567,-0.015570909286738231,0.0
13.177186012268066,0.5235312414746865,-0.016536442548998463,0.0
13.181484699249268,0.5234592908933893,-0.01751203978144623,0.0
13.18576693534851,0.5233832915985049,-0.01848242905926735,0.0
13.190540075302124,0.5233032688654344,-0.019446466186179383,0.0
13.195213794708252,0.5232192003412132,-0.020419773712794558,0.0
13.199530839920044,0.5231310580344465,-0.02139894833465547,0.0
13.204128503799438,0.5230388575619892,-0.022371169803721773,0.0
13.209201574325562,0.5229425974531074,-0.023346179667744972,0.0
13.213582277297974,0.5228422104195293,-0.02434179239386508,0.0
13.217967748641968,0.5227376946800555,-0.02533110735439877,0.0
13.22264838218689,0.5226290774866938,-0.02631380092394506,0.0
13.227293014526367,0.5225163495708455,-0.027301667629152877,0.0
13.231580018997192,0.522399494748985,-0.028292988673186806,0.0
13.23591136932373,0.5222785484670165,-0.029271815502348274,0.0
13.240732908248901,0.522153558001145,-0.030239678689845388,0.0
13.245458602905273,0.5220244992936572,-0.03121889499972952,0.0
13.249801874160767,0.5218913392560389,-0.03220491523483333,0.0
13.254580974578857,0.5217541081793161,-0.033178974271431794,0.0
13.259482145309448,0.5216127889751201,-0.03416248875662235,0.0
13.263839721679688,0.5214673228981616,-0.0351616499459926,0.0
13.26816987991333,0.5213177340682928,-0.03614787706840574,0.0
13.272869348526001,0.5211640820473462,-0.03711935574977983,0.0
13.277560234069824,0.5210063659374143,-0.038096038007757946,0.0
13.281937599182129,0.5208445658339541,-0.03907735518847469,0.0
13.286340236663818,0.5206787188557184,-0.04004524929992175,0.0
13.290983438491821,0.5205088769014411,-0.04100101017849236,0.0
13.29556655883789,0.5203350460885653,-0.041958857957687765,0.0
13.299898147583008,0.5201572291937206,-0.04291512156076812,0.0
13.304752826690674,0.5199754816146932,-0.04385418584908082,0.0
13.309541463851929,0.5197897718451009,-0.04480906545383589,0.0
13.31384539604187,0.5196000471093256,-0.04577556145890549,0.0
13.318193197250366,0.5194063585568777,-0.04672181731960862,0.0
13.322802066802979,0.5192087814080802,-0.047650749406983335,0.0
13.327485799789429,0.5190073321645473,-0.0485801756611023,0.0
13.331803798675537,0.5188019922722387,-0.04951537451120577,0.0
13.336090564727783,0.5185928178679967,-0.05043068523733218,0.0
13.340784788131714,0.5183798982221135,-0.05132405883455512,0.0
13.345504999160767,0.5181632313205103,-0.052225389469477655,0.0
13.3498694896698,0.517942777340681,-0.05313681096883492,0.0
13.354642868041992,0.5177185772728438,-0.05403175183537825,0.0
13.359774827957153,0.517490601461385,-0.054941676206852856,0.0
13.364243745803833,0.5172587001490854,-0.05589452852853753,0.0
13.368673324584961,0.5170228584507482,-0.05683783451520022,0.0
13.373500347137451,0.5167831259731424,-0.05776844843074785,0.0
13.378193140029907,0.5165394544658963,-0.058718733323473125,0.0
13.382462501525879,0.5162917970652832,-0.059677457553209516,0.0
13.3867928981781,0.516040229834604,-0.06060902822688234,0.0
13.391574382781982,0.5157848491401263,-0.061518812910526924,0.0
13.39618730545044,0.5155256237414959,-0.062445856707267856,0.0
13.400654792785645,0.515262527882178,-0.06337538947671911,0.0
13.405666589736938,0.5149955913695747,-0.0642945541517558,0.0
13.410401821136475,0.5147247045075027,-0.06525227788721948,0.0
13.414699792861938,0.5144497864553728,-0.06622301745185881,0.0
13.419034242630005,0.5141709098113658,-0.06716618677838707,0.0
13.423599481582642,0.5138881782461174,-0.06808537160250375,0.0
13.428369045257568,0.5136016227506547,-0.06900263424606407,0.0
13.432658195495605,0.5133111900172889,-0.06993759617397925,0.0
13.437380075454712,0.5130169522257507,-0.07084356058790654,0.0
13.442528009414673,0.5127188964501533,-0.07176332734075787,0.0
13.446916103363037,0.5124168332818995,-0.0727391042696549,0.0
13.45128321647644,0.5121107705051408,-0.07369371981729952,0.0
13.45597791671753,0.5118008026862954,-0.07462512789765362,0.0
13.460636138916016,0.5114869205363333,-0.07556724445847068,0.0
13.464925289154053,0.5111690919164374,-0.07651607592377062,0.0
13.469252586364746,0.5108474108136808,-0.07743259303321637,0.0
13.473812103271484,0.5105219977940453,-0.07832130050744186,0.0
13.478532791137695,0.5101928890509922,-0.07920769607814261,0.0
13.482876777648926,0.5098600387548394,-0.08010952786453476,0.0
13.487350702285767,0.5095235121939501,-0.08098532176962796,0.0
13.492178440093994,0.5091833709538693,-0.08185008766839345,0.0
13.496646642684937,0.5088395355345047,-0.08274396978599567,0.0
13.501019954681396,0.5084920128542944,-0.08362593239990723,0.0
13.505725383758545,0.5081408854662055,-0.0844854511854135,0.0
13.510363101959229,0.5077861248441543,-0.08536157977485061,0.0
13.51468563079834,0.5074276866173065,-0.08624637038875528,0.0
13.519079208374023,0.5070656509900644,-0.08710260808260124,0.0
13.523715257644653,0.5067001082246233,-0.08793947956013079,0.0
13.528432846069336,0.5063310456628239,-0.08878685718868713,0.0
13.532757043838501,0.5059583880132789,-0.08965482605098497,0.0
13.537386655807495,0.505582200811671,-0.09049495953428825,0.0
13.542211532592773,0.5052024793237894,-0.09134588659586244,0.0
13.54671335220337,0.504819101844477,-0.09223216154844761,0.0
13.551092147827148,0.5044320501698629,-0.09311247892514109,0.0
13.555720806121826,0.5040413975579773,-0.09397133952657392,0.0
13.560320138931274,0.5036471311967108,-0.09484145240020188,0.0
13.564604759216309,0.5032492162369393,-0.09571896621604271,0.0
13.568896770477295,0.5028477508105137,-0.09656261068950028,0.0
13.573585033416748,0.5024428703499022,-0.09737420656882129,0.0
13.578284502029419,0.5020345402965406,-0.09820754427246348,0.0
13.582569360733032,0.5016226655231771,-0.09906407542040713,0.0
13.587204694747925,0.5012073258660376,-0.09988732760331014,0.0
13.592295408248901,0.500788507288311,-0.1007261647474403,0.0
13.59679126739502,0.5003659484490159,-0.1016434362482644,0.0
13.601244688034058,0.4999395862092857,-0.1025547670650026,0.0
13.606044292449951,0.499509464114392,-0.10345414360135805,0.0
13.610780715942383,0.49907547842349365,-0.10439070214447324,0.0
13.615103960037231,0.4986375053966347,-0.10535446342283464,0.0
13.619428396224976,0.4981956205516775,-0.10628499118874553,0.0
13.62400221824646,0.4977499607276807,-0.107182808304444,0.0
13.628781795501709,0.4973005466471366,-0.10808489790410838,0.0
13.633134603500366,0.49684726632785786,-0.10902139773732239,0.0
13.637797355651855,0.4963901775125015,-0.10992794962516593,0.0
13.642535924911499,0.49592925864870885,-0.11085138107028554,0.0
13.64691162109375,0.4954644053791466,-0.11180258036892213,0.0
13.651288509368896,0.4949956773448208,-0.11272543841685309,0.0
13.656033277511597,0.49452319108522047,-0.11362045092159404,0.0
13.660863876342773,0.4940468837675119,-0.11454485195078178,0.0
13.665205240249634,0.49356659374638145,-0.1155111833282602,0.0
13.669617414474487,0.49308238999320675,-0.1164414668570104,0.0
13.674298286437988,0.49259438642569486,-0.11734731271071018,0.0
13.678863525390625,0.4921025503295781,-0.11827177313776505,0.0
13.683215856552124,0.4916068639684728,-0.11919570429479902,0.0
13.688123226165771,0.49110743761983544,-0.12008452300589963,0.0
13.692893266677856,0.4906041338225022,-0.12102903365770512,0.0
13.697221279144287,0.4900967953848545,-0.12200528157200044,0.0
13.701584577560425,0.4895855214749175,-0.12293921645981641,0.0
13.706568479537964,0.4890704683474939,-0.12383725418064959,0.0
13.711268663406372,0.4885514596236596,-0.12480369909621077,0.0
13.715562105178833,0.4880283653826186,-0.12578891614716875,0.0
13.720156192779541,0.4875013258726757,-0.12672299622874603,0.0
13.725258111953735,0.4869703915789097,-0.12765796684836156,0.0
13.729572534561157,0.48643528730162966,-0.1286807046604612,0.0
13.7340726852417,0.4858960811749023,-0.1296523835936538,0.0
13.738894701004028,0.48535288317392905,-0.13060589015468643,0.0
13.74364161491394,0.4848055929321994,-0.13159757153666965,0.0
13.74797797203064,0.4842540972889963,-0.13261273937224333,0.0
13.752321481704712,0.4836985301095705,-0.1335772414153422,0.0
13.756852388381958,0.4831390965567329,-0.13449297997830867,0.0
13.761499881744385,0.48257589191121986,-0.13539448324988812,0.0
13.765822887420654,0.48200890905715116,-0.13630300872262457,0.0
13.770669221878052,0.481438304276664,-0.1371591831292169,0.0
13.775680541992188,0.4808639923582869,-0.13806007564595185,0.0
13.780322790145874,0.48028569542626837,-0.13903498236318168,0.0
13.784764766693115,0.47970332583048925,-0.1400132656526819,0.0
13.789481163024902,0.47911698835695715,-0.14095689187947325,0.0
13.794511556625366,0.47852666521664367,-0.1419177629763073,0.0
13.798840045928955,0.47793210186784063,-0.1429543391287428,0.0
13.803356170654297,0.47733340796679646,-0.14393059022323837,0.0
13.808330535888672,0.4767307202732188,-0.144883186587145,0.0
13.812917470932007,0.47612386162910775,-0.14590035841376459,0.0
13.817394018173218,0.47551280429889115,-0.14690488046124067,0.0
13.822165966033936,0.4748976695077464,-0.14787482705873786,0.0
13.826887369155884,0.474278419823341,-0.14886827713650894,0.0
13.831215143203735,0.473654992172383,-0.1498740761689523,0.0
13.835481405258179,0.47302758187092714,-0.15081325779874136,0.0
13.840127229690552,0.47239650101367764,-0.15167477496325624,0.0
13.84479022026062,0.47176182992613197,-0.15253647608157783,0.0
13.849106073379517,0.471123556865786,-0.1534018734783828,0.0
13.853805780410767,0.47048188612450637,-0.1542006654650793,0.0
13.858750343322754,0.469836845035612,-0.15501291251889762,0.0
13.863081455230713,0.46918822096755886,-0.15588871656885958,0.0
13.867552042007446,0.4685361483497362,-0.15670031770908327,0.0
13.872300148010254,0.4678807988427097,-0.15747838841688905,0.0
13.8770432472229,0.4672221278766865,-0.15828189818370408,0.0
13.881361722946167,0.46656003360048653,-0.1591095206322812,0.0
13.885751962661743,0.4658946956455995,-0.15987162360135912,0.0
13.890519857406616,0.4652263330274101,-0.16058548146686263,0.0
13.895511150360107,0.46455489014243256,-0.16133321399792416,0.0
13.899887323379517,0.46388007752039784,-0.16216228534128882,0.0
13.904640436172485,0.4632019744485148,-0.1629388721097844,0.0
13.9093918800354,0.46252054035702805,-0.1637459358822543,0.0
13.913722515106201,0.4618356510049454,-0.16458259775859166,0.0
13.918046951293945,0.4611474716900068,-0.16535649855061121,0.0
13.922805786132812,0.4604562621006257,-0.16606821943746797,0.0
13.927560806274414,0.4597619756753777,-0.16681556636620898,0.0
13.931901693344116,0.4590644677271948,-0.16759733779668215,0.0
13.936333656311035,0.4583638840435848,-0.16832098265484632,0.0
13.941055059432983,0.45766039682441106,-0.16900889903561797,0.0
13.945506811141968,0.45695394678019163,-0.16972769734305582,0.0
13.949856996536255,0.4562445955938241,-0.1704164633364961,0.0
13.95473861694336,0.45553253547237565,-0.17105373392557757,0.0
13.959478378295898,0.45481759590660936,-0.17176273219263635,0.0
13.963804960250854,0.4540995829666144,-0.1725098788953158,0.0
13.968153476715088,0.453378635979027,-0.17319972526820507,0.0
13.972900867462158,0.4526549711064654,-0.17383949971001067,0.0
13.977580785751343,0.4519285011148735,-0.17452387934200408,0.0
13.98188853263855,0.4511990905219342,-0.17523674496398903,0.0
13.986308574676514,0.4504668932184982,-0.1758908705322011,0.0
13.990964651107788,0.4497320641468402,-0.17651499449347574,0.0
13.995563507080078,0.44899454873511696,-0.17716658174314606,0.0
13.999953031539917,0.4482542744961728,-0.17783221050064,0.0
14.004814624786377,0.44751133743625165,-0.17846243697574282,0.0
14.009706020355225,0.44676552659964025,-0.17917196952150438,0.0
14.014187812805176,0.4460164940267586,-0.17996641371271596,0.0
14.01861834526062,0.4452642016850617,-0.1807447248893262,0.0
14.0232994556427,0.44450875413745194,-0.18149495367582882,0.0
14.028076171875,0.44375007492031693,-0.18227901131043725,0.0
14.032397747039795,0.4429879527717261,-0.18311939634476807,0.0
14.037004232406616,0.44222250773434013,-0.18390259250970092,0.0
14.041843891143799,0.441453753986475,-0.18470031420314012,0.0
14.04636836051941,0.44068145210160203,-0.18556981021248597,0.0
14.050683498382568,0.4399055553534044,-0.18643033429905695,0.0
14.055342197418213,0.4391262651411575,-0.18722940157234724,0.0
14.060142755508423,0.4383435637746444,-0.18805461482212574,0.0
14.064463138580322,0.43755723374046507,-0.1889407168060649,0.0
14.068854570388794,0.4367674075514506,-0.1897641191852869,0.0
14.073749303817749,0.43597428578950626,-0.19054423513047675,0.0
14.07849383354187,0.43517764470125037,-0.19141038014212425,0.0
14.082866668701172,0.4343772546541618,-0.1923213314348285,0.0
14.087533235549927,0.4335732334929901,-0.19317963762309256,0.0
14.092604637145996,0.43276556107614467,-0.19406193698073315,0.0
14.09708571434021,0.4319538138480373,-0.19507177564994763,0.0
14.101489067077637,0.4311379548614331,-0.19605092541041905,0.0
14.10622262954712,0.43031817654407,-0.1969787281023473,0.0
14.110898971557617,0.4294944210383894,-0.19794216026986386,0.0
14.11522126197815,0.4286665933600698,-0.19892411103958224,0.0
14.11958932876587,0.4278349138039046,-0.19982939535033056,0.0
14.124191284179688,0.42699965985700783,-0.20067143920614822,0.0
14.128826141357422,0.4261608966209609,-0.20151373022118443,0.0
14.133222579956055,0.4253185969756759,-0.20236461720757326,0.0
14.138044118881226,0.42447292696540256,-0.20315950525377613,0.0
14.142653942108154,0.42362375844919,-0.20401406374905917,0.0
14.146980285644531,0.4227710280615324,-0.20486900954348647,0.0
14.151299238204956,0.42191497587087956,-0.20564700502417493,0.0
14.155941247940063,0.42105592247705004,-0.20634805870879588,0.0
14.160626649856567,0.42019390540205614,-0.20706275182213657,0.0
14.164904832839966,0.41932883105879487,-0.20780284621521886,0.0
14.169188499450684,0.41846094517596155,-0.20845584138298898,0.0
14.173818111419678,0.4175905966032794,-0.2090262377149857,0.0
14.178463220596313,0.4167178200456145,-0.2096130605149643,0.0
14.182847023010254,0.41584253210573985,-0.21022109488336252,0.0
14.187628269195557,0.41496487125013765,-0.21077775016533395,0.0
14.19254994392395,0.41408469653208485,-0.21139663364359276,0.0
14.197036266326904,0.4132016286655743,-0.2121161454903711,0.0
14.201432704925537,0.41231563980132374,-0.21281102755804157,0.0
14.206128120422363,0.4114269090367627,-0.21345680864315303,0.0
14.210973024368286,0.4105353702383825,-0.21414011855370818,0.0
14.215288400650024,0.4096407364955516,-0.21490272979035788,0.0
14.219653367996216,0.40874315721411714,-0.21559109900549905,0.0
14.224341630935669,0.4078428901320613,-0.2162217392644348,0.0
14.228934049606323,0.4069398787623067,-0.2168896973460167,0.0
14.233494997024536,0.40603405618842553,-0.21756662970993768,0.0
14.238564729690552,0.40512541342795316,-0.2182434451339207,0.0
14.24332857131958,0.40421348876124724,-0.2190680481171975,0.0
14.247607946395874,0.4032979595400545,-0.21994663703443434,0.0
14.252016544342041,0.40237905077100067,-0.22073523019525257,0.0
14.256716966629028,0.4014570124444534,-0.2214738245954405,0.0
14.261357545852661,0.400531780818108,-0.22224948175689277,0.0
14.265669345855713,0.39960326099031634,-0.22304315340516426,0.0
14.270308017730713,0.39867168491025706,-0.22375659770022888,0.0
14.275472640991211,0.39773707668132935,-0.2244890701532481,0.0
14.28011965751648,0.3967988697483245,-0.22539649555535737,0.0
14.284484386444092,0.3958568373059206,-0.22631818298091094,0.0
14.289097309112549,0.39491118938309444,-0.22716790824578756,0.0
14.29381513595581,0.39396198890372874,-0.22802148429417937,0.0
14.298135042190552,0.39300912399929255,-0.22890957426414948,0.0
14.30249810218811,0.39205283323927437,-0.22970981899777657,0.0
14.30716848373413,0.3910934356192204,-0.23043726674744341,0.0
14.311846256256104,0.3901309363190591,-0.23118732129880137,0.0
14.316226720809937,0.38916523699326894,-0.23196131078499788,0.0
14.320861339569092,0.3881965256513923,-0.2326671601984554,0.0
14.325591087341309,0.38722483653788636,-0.2333847636367424,0.0
14.329980611801147,0.3862500306209384,-0.23414293882292175,0.0
14.334325551986694,0.3852722717943343,-0.2348351456178974,0.0
14.339068174362183,0.38429187207687915,-0.23544949607168364,0.0
14.343791007995605,0.38330876173860046,-0.23611211039138144,0.0
14.34812331199646,0.38232276278605803,-0.23681559474183442,0.0
14.352424144744873,0.3813340898991709,-0.2374367600258544,0.0
14.357001781463623,0.3803431082306204,-0.237968516293821,0.0
14.361626625061035,0.3793499079861123,-0.23850120838959984,0.0
14.365963220596313,0.3783544362536792,-0.2390505201274579,0.0
14.370593786239624,0.3773569072643594,-0.23952573947099925,0.0
14.375545024871826,0.37635732867928823,-0.2400232032257108,0.0
14.380120992660522,0.37535528863653844,-0.24064504635042244,0.0
14.384512901306152,0.3743506525412584,-0.24126850195230745,0.0
14.389156341552734,0.3733435965881759,-0.24183503870048625,0.0
14.393950939178467,0.3723340994654664,-0.2424273668573046,0.0
14.398304224014282,0.3713219032278086,-0.24309363957066618,0.0
14.402618646621704,0.37030715030697614,-0.24368968829739288,0.0
14.407311916351318,0.3692901648993238,-0.2442054023939584,0.0
14.411849021911621,0.3682708890165485,-0.24476644886834337,0.0
14.416246891021729,0.3672492944721556,-0.24532140508424588,0.0
14.421070098876953,0.36622554577392713,-0.24582574966639245,0.0
14.425860404968262,0.36519941339298706,-0.24642041161362938,0.0
14.430180311203003,0.36417056194077435,-0.2470922922939156,0.0
14.43453311920166,0.36313915886136294,-0.247684854013995,0.0
14.439203262329102,0.3621054926596041,-0.2482115336389014,0.0
14.444031715393066,0.3610695032508828,-0.24877939915488456,0.0
14.448354005813599,0.36003085826759595,-0.24943989272308018,0.0
14.45290231704712,0.3589897041763045,-0.2500226440269474,0.0
14.45774221420288,0.3579461225071337,-0.2506052183976688,0.0
14.462232828140259,0.3568998100966668,-0.25128486224158064,0.0
14.466619729995728,0.3558507362647051,-0.25194196943490876,0.0
14.471659660339355,0.3547991016682671,-0.25254237925419715,0.0
14.476349592208862,0.3537444532156416,-0.25330667339895296,0.0
14.480633735656738,0.3526864931003261,-0.2541116397755011,0.0
14.484989166259766,0.3516254858639871,-0.2548183980617423,0.0
14.48980164527893,0.3505617579265218,-0.2554534375539566,0.0
14.494475603103638,0.34949511867123895,-0.25617337762650677,0.0
14.49876618385315,0.348425370859849,-0.25692813469847386,0.0
14.503525972366333,0.3473527823129122,-0.2575855861341878,0.0
14.508505582809448,0.3462772507497056,-0.2583081994118242,0.0
14.512866020202637,0.34519827816892956,-0.2591684509883223,0.0
14.517309665679932,0.34411597065702987,-0.2599488798201329,0.0
14.521957397460938,0.34303056721796815,-0.26067943439938607,0.0
14.526662111282349,0.34194205394789656,-0.2614310615211846,0.0
14.530989170074463,0.3408502862767888,-0.26222192647924025,0.0
14.535311222076416,0.33975551529684916,-0.26291936542271793,0.0
14.540006875991821,0.3386581285670988,-0.2635239275275207,0.0
14.54458498954773,0.337558099454234,-0.2641679684630013,0.0
14.548874855041504,0.33645539562422244,-0.2648091975663468,0.0
14.553631067276001,0.33535034304949984,-0.26534705494603067,0.0
14.558469772338867,0.3342428528955466,-0.26594779304830707,0.0
14.562957763671875,0.3331325789801764,-0.26663834858530605,0.0
14.56740140914917,0.33201954159156194,-0.26729247550053903,0.0
14.5720853805542,0.33090393889994546,-0.2678953311634155,0.0
14.577009439468384,0.329785715484827,-0.2685330099056661,0.0
14.581360816955566,0.3286644656780687,-0.26928889286100244,0.0
14.585684776306152,0.32754034413319655,-0.269955889917193,0.0
14.590376853942871,0.326413744616644,-0.2705265105701831,0.0
14.595131158828735,0.3252846508697016,-0.27113445645700446,0.0
14.59949803352356,0.32415284221457247,-0.2718005769922407,0.0
14.60429334640503,0.3230185150621467,-0.2723844577323596,0.0
14.609044075012207,0.3218815260452708,-0.2730416256271771,0.0
14.61336088180542,0.3207416281409314,-0.2737534122352737,0.0
14.617682456970215,0.31959908796244935,-0.2743616800686133,0.0
14.62238335609436,0.31845432225493137,-0.2748710956719954,0.0
14.627269268035889,0.31730730549642394,-0.2754216257334221,0.0
14.631559133529663,0.31615766135550566,-0.27607887542418313,0.0
14.635955333709717,0.31500563053279346,-0.276623532984002,0.0
14.640681982040405,0.31385155066277726,-0.2770976772483185,0.0
14.645233869552612,0.31269533244239955,-0.2776238999456461,0.0
14.649724960327148,0.31153696188177654,-0.27813724150828695,0.0
14.65461015701294,0.3103765598671525,-0.27861619372611796,0.0
14.659247636795044,0.30921381546197724,-0.2792061051416517,0.0
14.663535833358765,0.30804856080952225,-0.2798127466222051,0.0
14.667891502380371,0.3068811288225289,-0.2803072825854134,0.0
14.672811508178711,0.3057118974469582,-0.28071824367921516,0.0
14.67757248878479,0.3045405558877219,-0.28125651214998304,0.0
14.68189525604248,0.30336676896017944,-0.2818596054539374,0.0
14.686589479446411,0.3021907794748298,-0.28236339532345844,0.0
14.691394090652466,0.3010125617333232,-0.2829085062133864,0.0
14.695947408676147,0.2998318199136202,-0.2835345054304943,0.0
14.700342655181885,0.2986485179480721,-0.2841450860036267,0.0
14.705216407775879,0.2974629037023831,-0.284681490658094,0.0
14.710086345672607,0.2962747222202686,-0.28532420188520563,0.0
14.71440577507019,0.2950835473533044,-0.286067845171301,0.0
14.718731164932251,0.2938896154134975,-0.2867022301774567,0.0
14.723318576812744,0.2926933660662814,-0.2872323415973635,0.0
14.728204011917114,0.29149491669666133,-0.2877596449830937,0.0
14.732544660568237,0.2902939289393924,-0.28839615821148235,0.0
14.737629652023315,0.2890906012771484,-0.2889327593714378,0.0
14.742504596710205,0.2878844637027006,-0.2896530591183638,0.0
14.746830701828003,0.2866750202648283,-0.2904708326799048,0.0
14.751190423965454,0.2854625287815402,-0.2911736190668945,0.0
14.755861043930054,0.28424742083446414,-0.2917766280311141,0.0
14.760509967803955,0.2830297353925738,-0.29240042272812344,0.0
14.764849424362183,0.281809415769927,-0.2930354286101739,0.0
14.76915955543518,0.2805867869599285,-0.29356270291495234,0.0
14.77381420135498,0.27936232268742955,-0.2939742960737803,0.0
14.778478860855103,0.27813608080466606,-0.2944059330659742,0.0
14.782874822616577,0.2769079665597964,-0.2948612092583104,0.0
14.787796974182129,0.27567820476108085,-0.2952366700516687,0.0
14.792486906051636,0.2744464869635011,-0.29573743247384054,0.0
14.796818971633911,0.27321258244048735,-0.29627026284703417,0.0
14.801147222518921,0.27197679206195774,-0.29669612958168534,0.0
14.805773258209229,0.27073955449313614,-0.29701727797362015,0.0
14.810475826263428,0.26950093351178017,-0.2973529201301536,0.0
14.814811944961548,0.26826077501254275,-0.29773304385146016,0.0
14.819153547286987,0.2670193397241475,-0.2980149114100711,0.0
14.823799848556519,0.2657770171950566,-0.29820487536483764,0.0
14.828508377075195,0.2645338063569766,-0.2984258120751134,0.0
14.832874536514282,0.26328950103342014,-0.29870240026024153,0.0
14.837789535522461,0.26204428811229497,-0.29890063782703463,0.0
14.842458963394165,0.2607978124557121,-0.29923862985161453,0.0
14.846805095672607,0.25954980307091335,-0.29961675769730023,0.0
14.85111403465271,0.2583004904877483,-0.2999077412291695,0.0
14.855783700942993,0.2570502717296816,-0.30010072572077046,0.0
14.860533952713013,0.2557990985072247,-0.3003418247743583,0.0
14.864852666854858,0.25454667236327244,-0.3006623909388174,0.0
14.869248628616333,0.2532931982472222,-0.300890889494318,0.0
14.87385082244873,0.25203895164342627,-0.30106192122850556,0.0
14.878403425216675,0.2507839071959481,-0.30126021987556295,0.0
14.882741689682007,0.24952801083539666,-0.3014667323375778,0.0
14.887586832046509,0.24827148988107112,-0.30159776727817483,0.0
14.89253044128418,0.24701401860495342,-0.30185818801572284,0.0
14.896860599517822,0.2457549455967263,-0.3022839302915139,0.0
14.901215314865112,0.24449435963369356,-0.3026261643728828,0.0
14.905988216400146,0.24323256836567317,-0.3028977862049959,0.0
14.910624265670776,0.24196933603768814,-0.3032683817365683,0.0
14.914943218231201,0.24070442968092812,-0.3036805378308266,0.0
14.91931414604187,0.2394380756783002,-0.3040064019074889,0.0
14.923972845077515,0.23817055847620322,-0.3042700064115843,0.0
14.928711652755737,0.23690176881658345,-0.30458932295074287,0.0
14.933215141296387,0.2356313781974999,-0.30499518842962986,0.0
14.937954664230347,0.23435932956252453,-0.30539046539887765,0.0
14.94254994392395,0.2330853696102376,-0.3058703252735497,0.0
14.94685983657837,0.23180933701037731,-0.3063736184694456,0.0
14.951212882995605,0.23053149736779852,-0.30678411075563644,0.0
14.955968141555786,0.22925217396507622,-0.30712208563276683,0.0
14.960908651351929,0.2279711535406989,-0.30755247132762414,0.0
14.965264081954956,0.22668782708149451,-0.30814693526070164,0.0
14.969842672348022,0.22540227054105075,-0.3086624091916489,0.0
14.974869012832642,0.22411452507459836,-0.30919104045692936,0.0
14.979419708251953,0.22282397251625868,-0.30991309308143977,0.0
14.983818292617798,0.2215304357244872,-0.31062736378681444,0.0
14.988765478134155,0.2202341455282053,-0.311270365324578,0.0
14.993380069732666,0.21893469911303773,-0.31206601642286386,0.0
14.997700214385986,0.21763190658565632,-0.3128715549081506,0.0
15.001978158950806,0.21632611066806198,-0.3135641306824091,0.0
15.006696224212646,0.21501783025092314,-0.3141283162519731,0.0
15.011356592178345,0.21370702893860688,-0.31474693903312717,0.0
15.015673637390137,0.21239356358168854,-0.3153932247811315,0.0
15.020357370376587,0.21107776595766647,-0.3159241255983284,0.0
15.025307416915894,0.20975963854026783,-0.3164926912914736,0.0
15.029927253723145,0.20843869038141108,-0.31720580174195667,0.0
15.034272909164429,0.20711476388911987,-0.31792116486813227,0.0
15.03885269165039,0.20578820857198282,-0.3185239383125473,0.0
15.043486595153809,0.20445918548478884,-0.31911270075919274,0.0
15.047797203063965,0.2031276860810428,-0.3197088676824687,0.0
15.05207872390747,0.20179410118247282,-0.320177508181281,0.0
15.056753873825073,0.20045898882320073,-0.320510086911189,0.0
15.06145191192627,0.19912239362380127,-0.32087373519240503,0.0
15.06576943397522,0.1977841598999412,-0.3212768456421921,0.0
15.070359945297241,0.19644462038432925,-0.32156033313073673,0.0
15.075149774551392,0.19510390682700512,-0.32184153084441836,0.0
15.0794837474823,0.1937617690897785,-0.3222035331190755,0.0
15.083837032318115,0.19241847032420548,-0.3224543987792873,0.0
15.088711261749268,0.1910744356615321,-0.32260626757923905,0.0
15.093325138092041,0.18972938728386074,-0.3228800292858672,0.0
15.097608804702759,0.18838316716523232,-0.32316373226103084,0.0
15.101898431777954,0.18703616388520208,-0.3233197808925449,0.0
15.106571674346924,0.18568888547456286,-0.32335581087416115,0.0
15.11131238937378,0.18434131435370776,-0.3234374666936382,0.0
15.115606546401978,0.18299317259341927,-0.3235928502454394,0.0
15.120367527008057,0.18164474078597698,-0.3236338750264521,0.0
15.12510085105896,0.18029586851569124,-0.3237611453057169,0.0
15.129469633102417,0.17894623796491904,-0.323961369190232,0.0
15.13381552696228,0.17759602793349738,-0.32408006474925766,0.0
15.13871717453003,0.17624559637185103,-0.32411139250307625,0.0
15.143376111984253,0.17489456450286603,-0.32429304306995443,0.0
15.147663593292236,0.17354263766381306,-0.32451888187126005,0.0
15.151962757110596,0.17219012289065772,-0.3246317453626723,0.0
15.156683444976807,0.17083746068144856,-0.32464130758697085,0.0
15.161338090896606,0.16948451114225754,-0.3247300631088384,0.0
15.165639877319336,0.16813103563451556,-0.32486878624310545,0.0
15.170314073562622,0.16677729330493818,-0.3249079319075034,0.0
15.175428628921509,0.16542319330808278,-0.3250093348176127,0.0
15.179786443710327,0.16406789809084066,-0.3253579956657932,0.0
15.184131383895874,0.1627114033561097,-0.32562562401802825,0.0
15.188886404037476,0.16135405528671148,-0.32580948481299454,0.0
15.19351577758789,0.15999565029961543,-0.3260864083525441,0.0
15.19779658317566,0.15863597651207728,-0.3264001154670241,0.0
15.202155828475952,0.15727534689229783,-0.32660141693489747,0.0
15.206830978393555,0.15591411311440528,-0.32672764990205194,0.0
15.211496829986572,0.15455215877242653,-0.32691615067307794,0.0
15.215827226638794,0.15318924176996132,-0.32716136655098216,0.0
15.220625400543213,0.15182557683493278,-0.32731896966032914,0.0
15.225330352783203,0.15046089657279618,-0.3275913359850018,0.0
15.229648351669312,0.1490948588270879,-0.32793493953138836,0.0
15.23403000831604,0.147727690649592,-0.32818214681883506,0.0
15.238753318786621,0.14635969898207662,-0.3283632637442001,0.0
15.243473052978516,0.14499069600772074,-0.3286265068185286,0.0
15.247787952423096,0.14362035303975332,-0.32896755442455267,0.0
15.252112865447998,0.14224889571170848,-0.3292104708203369,0.0
15.25684380531311,0.1408767094962145,-0.3293627461192195,0.0
15.261573791503906,0.13950361892427174,-0.3296013787927237,0.0
15.26597547531128,0.1381292743620796,-0.3299231086019601,0.0
15.270827293395996,0.1367537787054192,-0.3301842179198408,0.0
15.275734424591064,0.13537677661525593,-0.3305792355109086,0.0
15.28018832206726,0.13399765286336152,-0.3311264893634757,0.0
15.28473448753357,0.13261640172553535,-0.33162483682758026,0.0
15.289649963378906,0.131233103270879,-0.3321138628794419,0.0
15.294812679290771,0.12984730499413394,-0.3327507920337769,0.0
15.299593210220337,0.12845808166239228,-0.3336344910582199,0.0
15.304548025131226,0.12706495564314413,-0.3345887822421104,0.0
15.309254884719849,0.12566741936232376,-0.3356819638959471,0.0
15.313561916351318,0.12426525763477474,-0.3367977122077237,0.0
15.317948341369629,0.12285893281121307,-0.33775799261039346,0.0
15.322741746902466,0.12144898342997415,-0.3385977621412209,0.0
15.32745099067688,0.12003536285985214,-0.33949261751442517,0.0
15.331783533096313,0.11861797306988343,-0.34040048239362275,0.0
15.336515426635742,0.11719728145249518,-0.3411544513571572,0.0
15.341184139251709,0.1157733850726601,-0.3419286517683547,0.0
15.345485925674438,0.11434629730772539,-0.3426918287694142,0.0
15.349899530410767,0.11291656817551776,-0.34328268050769434,0.0
15.354700803756714,0.11148475409841742,-0.34375291694831844,0.0
15.35942268371582,0.11005082673564945,-0.3442724212662443,0.0
15.363768100738525,0.1086146990569005,-0.3448033540577448,0.0
15.36818265914917,0.10717683951290641,-0.3451805792299169,0.0
15.372801542282104,0.10573778259100461,-0.34543800308088135,0.0
15.37746787071228,0.10429774003508657,-0.34566759926622215,0.0
15.381785869598389,0.1028567615597098,-0.345890561900953,0.0
15.386223077774048,0.10141534629834908,-0.3459560185646355,0.0
15.390816926956177,0.09997397075742594,-0.34592149303700104,0.0
15.39562463760376,0.09853282521028504,-0.34585940476726973,0.0
15.400100469589233,0.0970917276416622,-0.3458647454791362,0.0
15.4047532081604,0.09565085090474151,-0.34579230216391166,0.0
15.409423351287842,0.09421026684562131,-0.34572279314930326,0.0
15.413774490356445,0.0927699357041432,-0.3456650289643418,0.0
15.418100118637085,0.0913302385767656,-0.34548140397348803,0.0
15.422931671142578,0.08989171522697899,-0.3451670084224853,0.0
15.427627563476562,0.08845420164579337,-0.34494867770282506,0.0
15.43194317817688,0.08701748503762585,-0.3447664221418772,0.0
15.436760425567627,0.08558192937043922,-0.3444556777087607,0.0
15.441698789596558,0.08414736679471128,-0.3442414666413768,0.0
15.446008920669556,0.0827132340257143,-0.34417532707210724,0.0
15.450401782989502,0.08127977985450652,-0.34398022712182375,0.0
15.455224752426147,0.07984740966069982,-0.34369839095758475,0.0
15.459957361221313,0.07841588323210184,-0.3435223279069593,0.0
15.46428370475769,0.0769848882223711,-0.34341095945876604,0.0
15.46863603591919,0.07555471035247842,-0.34318660172449655,0.0
15.4738290309906,0.07412576691191276,-0.34286637381867835,0.0
15.478509426116943,0.07269729472892397,-0.34282230450371415,0.0
15.482873439788818,0.07126886704148296,-0.3428227543507951,0.0
15.487895965576172,0.06984073185309575,-0.3427290082130582,0.0
15.492553472518921,0.06841237083375,-0.3428325161602493,0.0
15.496880531311035,0.06698347995701945,-0.3429675670043249,0.0
15.501226902008057,0.06555438197879655,-0.34298882671358477,0.0
15.506108045578003,0.06412551127438718,-0.34290901623982795,0.0
15.51078987121582,0.0626965459017189,-0.3429659090636471,0.0
15.515114068984985,0.06126720156486762,-0.3430682119888278,0.0
15.519811153411865,0.059837781684421894,-0.34305828904525126,0.0
15.524749755859375,0.05840823151493557,-0.34310328752278835,0.0
15.529335260391235,0.056977997537712065,-0.34330710131067416,0.0
15.533647060394287,0.0555469185449406,-0.3435095686465823,0.0
15.538321495056152,0.05411537565354127,-0.343590531464805,0.0
15.543081521987915,0.052683367326888504,-0.343712481983467,0.0
15.547406196594238,0.051250610927926855,-0.3439112125958319,0.0
15.55175518989563,0.04981739114991682,-0.3439932545276464,0.0
15.556493282318115,0.04838414884609288,-0.3439731191361602,0.0
15.561320066452026,0.046950765948312906,-0.3440248188161019,0.0
15.5656898021698,0.04551682915457217,-0.34418482891883884,0.0
15.570339679718018,0.04408252445646811,-0.34424922503464217,0.0
15.575574398040771,0.042647857483598325,-0.3443436868254001,0.0
15.580033540725708,0.04121190765792335,-0.3447227033154767,0.0
15.584469079971313,0.03977458457466843,-0.3450358093597771,0.0
15.589272499084473,0.038336192794959076,-0.34527342629252455,0.0
15.593991994857788,0.0368965395236995,-0.3455978953736085,0.0
15.598311424255371,0.03545539157117505,-0.34596803581240637,0.0
15.602794408798218,0.03401311592770885,-0.3462055213613183,0.0
15.607819557189941,0.0325700312837163,-0.34638524181806557,0.0
15.612362146377563,0.031125633716598558,-0.34674546485022717,0.0
15.6167893409729,0.02967985534101691,-0.3470672507435576,0.0
15.62169098854065,0.028233015064885906,-0.3472998000985829,0.0
15.626389026641846,0.026784830387936956,-0.3476524883617471,0.0
15.63071584701538,0.025335097381020733,-0.34803039069902325,0.0
15.63503360748291,0.02388422723209412,-0.34826831342701614,0.0
15.63969111442566,0.022432804591616617,-0.34836580784745425,0.0
15.644323587417603,0.02098093672722856,-0.3484757812237026,0.0
15.648608446121216,0.019528608696857082,-0.34858637678608667,0.0
15.653018236160278,0.01807629460819548,-0.3485450552208604,0.0
15.657756090164185,0.016624439605014227,-0.34841192477687555,0.0
15.662381649017334,0.015172965526686295,-0.34833440413261435,0.0
15.666806697845459,0.013721798289656395,-0.34826205518793973,0.0
15.67171025276184,0.012271189317560865,-0.3481075294314294,0.0
15.676378011703491,0.010820815620927113,-0.3480837461171339,0.0
15.680697917938232,0.009370467801339953,-0.3480833927576766,0.0
15.684984683990479,0.007920525799643198,-0.3479536529121116,0.0
15.689802408218384,0.006471557958548011,-0.34768517244533037,0.0
15.694624423980713,0.005023397693545246,-0.3475162388068002,0.0
15.69896650314331,0.0035756318798402303,-0.34744632288833943,0.0
15.70376968383789,0.0021285126089436632,-0.34726273801637264,0.0
15.708652019500732,0.0006818687571969442,-0.3471717963440765,0.0
15.713076829910278,-0.0007647854002746637,-0.347205404691749,0.0
15.717436790466309,-0.0022113302539947506,-0.34715922722900616,0.0
15.722097635269165,-0.0036573538172951694,-0.3470078099864613,0.0
15.726924657821655,-0.0051028417181628125,-0.3468868697479854,0.0
15.731228590011597,-0.006548146256330855,-0.34686850441887046,0.0
15.735509872436523,-0.007992970222581426,-0.34672084700227374,0.0
15.740156650543213,-0.00943675986412185,-0.3464390861201298,0.0
15.744921684265137,-0.010879473653914801,-0.3461887331326256,0.0
15.749317169189453,-0.012321404335157323,-0.3460215872765155,0.0
15.754124641418457,-0.013762388350872394,-0.34577437192940985,0.0
15.759115219116211,-0.015202665949129949,-0.3456307208298724,0.0
15.763732671737671,-0.016642909092413793,-0.34566757431795175,0.0
15.768113374710083,-0.018083340886765505,-0.3457156581073791,0.0
15.77274489402771,-0.019523682709507592,-0.34567084194074854,0.0
15.777494192123413,-0.02096389888955551,-0.34564557470577506,0.0
15.781904697418213,-0.02240422872904911,-0.34569036655288937,0.0
15.786368131637573,-0.02384449368024804,-0.3456546739857832,0.0
15.791163444519043,-0.02528443860715867,-0.34556416534261086,0.0
15.795786380767822,-0.02672429313495309,-0.34556540506098915,0.0
15.800213098526001,-0.028164194154711584,-0.34557986914880545,0.0
15.804766654968262,-0.029603927054225366,-0.34552125134885014,0.0
15.809492588043213,-0.031043367424342216,-0.34544718179406014,0.0
15.813816547393799,-0.03248268695546859,-0.34543320190977145,0.0
15.81813931465149,-0.03392158225824943,-0.34530211184229725,0.0
15.822879076004028,-0.035359577229889146,-0.3450577054459611,0.0
15.82750391960144,-0.03679678124857301,-0.34488606771404645,0.0
15.831822872161865,-0.03823333538755944,-0.3447353184603844,0.0
15.836117506027222,-0.039668910422471726,-0.34447225767508177,0.0
15.840845108032227,-0.041103020567853164,-0.3440911827786076,0.0
15.845488786697388,-0.04253577946082913,-0.343785805330824,0.0
15.849963188171387,-0.04396738452590734,-0.34351837213673864,0.0
15.854931116104126,-0.04539776346680603,-0.34321515770654926,0.0
15.859572649002075,-0.04682744379510031,-0.3430926692839182,0.0
15.86390233039856,-0.04825671743781063,-0.3430033588238825,0.0
15.868253469467163,-0.04968529646793968,-0.34281085535139605,0.0
15.872864723205566,-0.05111279261379236,-0.3425285022550874,0.0
15.877495288848877,-0.052539196442211,-0.34227307791310263,0.0
15.881813526153564,-0.05396464611200077,-0.34205288798205463,0.0
15.886119604110718,-0.0553888641642478,-0.34173216919585825,0.0
15.890843629837036,-0.05681142979967598,-0.34131030420163444,0.0
15.895548343658447,-0.05823250296083766,-0.34097333244271893,0.0
15.90000867843628,-0.05965240620395567,-0.340711281183705,0.0
15.904829978942871,-0.061071116178873674,-0.34041678651264135,0.0
15.90972638130188,-0.06248899172558764,-0.3402479320540851,0.0
15.914108276367188,-0.06390664509431127,-0.34023311714205207,0.0
15.91840386390686,-0.06532400545430674,-0.34014429424358217,0.0
15.923064947128296,-0.06674065522355456,-0.33994651501869905,0.0
15.927985191345215,-0.06815664601225208,-0.33980156681768114,0.0
15.932278394699097,-0.069572541726713,-0.33981945636504185,0.0
15.936789751052856,-0.07098815602215912,-0.33972344132731713,0.0
15.941539764404297,-0.07240331943121095,-0.33961116314581513,0.0
15.946135759353638,-0.07381828659213072,-0.33958578848084076,0.0
15.95052433013916,-0.07523320094827693,-0.33957734909179815,0.0
15.955206632614136,-0.0766478498319105,-0.3394952124462277,0.0
15.959941148757935,-0.07806232763194564,-0.3394678438598185,0.0
15.964269399642944,-0.07947692455611009,-0.3395150854499298,0.0
15.968560695648193,-0.080891394296079,-0.339458641176186,0.0
15.973235130310059,-0.08230526451352269,-0.3392856107116403,0.0
15.97796106338501,-0.08371857617765416,-0.3391645498138872,0.0
15.982337474822998,-0.08513160855145423,-0.3391155296218633,0.0
15.9870765209198,-0.08654418352818685,-0.3389855039937937,0.0
15.991845607757568,-0.08795645737631977,-0.33893248376379714,0.0
15.996170997619629,-0.08936878076709832,-0.3389660097927477,0.0
16.000508785247803,-0.0907809075120057,-0.3388919094760281,0.0
16.005117416381836,-0.09219241547091174,-0.3387185995669773,0.0
16.009820461273193,-0.09360326392952406,-0.338565329301822,0.0
16.01414442062378,-0.09501365988465442,-0.33847161764307476,0.0
16.01845645904541,-0.0964233372178824,-0.33827289733221877,0.0
16.023152351379395,-0.09783185401105733,-0.33796776602764206,0.0
16.027918577194214,-0.09923929254764761,-0.3377244336670074,0.0
16.03225588798523,-0.10064599839947683,-0.3375710843633812,0.0
16.036848545074463,-0.10205176452691175,-0.337321490209346,0.0
16.04185676574707,-0.10345654133837608,-0.3370881070458227,0.0
16.04636240005493,-0.10486094840475005,-0.3370475810181755,0.0
16.050710201263428,-0.10626509701636788,-0.33697838465501817,0.0
16.055495738983154,-0.10766865852854739,-0.3368135794235661,0.0
16.06034803390503,-0.10907182576861436,-0.33674234662421926,0.0
16.064661264419556,-0.11047506466163069,-0.33678901888332263,0.0
16.06902813911438,-0.11187813366866614,-0.3367190992484914,0.0
16.073864221572876,-0.1132806281004355,-0.3365585426755447,0.0
16.078420639038086,-0.11468280101976537,-0.33650917672011643,0.0
16.08301854133606,-0.11608473013937927,-0.3364476164059192,0.0
16.087813138961792,-0.11748641796722387,-0.33639092327533004,0.0
16.09250497817993,-0.11888814142451723,-0.3364212219243357,0.0
16.096860885620117,-0.120290113004431,-0.3364905215531893,0.0
16.101240873336792,-0.12169204167068393,-0.336453690279626,0.0
16.106087923049927,-0.12309352491043242,-0.3363234316832737,0.0
16.11081886291504,-0.12449479797287859,-0.336299593944587,0.0
16.1151385307312,-0.12589613570906857,-0.3363282353362422,0.0
16.119762420654297,-0.12729720418685037,-0.3362325264232616,0.0
16.124817609786987,-0.12869789669201737,-0.3361441182652962,0.0
16.129494667053223,-0.13009880755158637,-0.3362434602985774,0.0
16.13382887840271,-0.13150019502704952,-0.3363628635463608,0.0
16.13866376876831,-0.132901683182276,-0.3363552807904853,0.0
16.143421411514282,-0.1343034096736703,-0.33643407581949536,0.0
16.14778780937195,-0.13570561748107163,-0.3365618320153056,0.0
16.152199029922485,-0.13710798511652958,-0.3365703922443618,0.0
16.156816244125366,-0.1385100826124265,-0.3364810946493028,0.0
16.161386251449585,-0.13991177934901647,-0.3363826177040107,0.0
16.165868282318115,-0.14131297315099495,-0.3362545044760273,0.0
16.170878887176514,-0.14271342605369067,-0.3360601213445631,0.0
16.175793170928955,-0.14411355828899622,-0.33602230203274536,0.0
16.18018126487732,-0.14551387495649942,-0.33609392684893685,0.0
16.184508323669434,-0.14691412723363767,-0.33604944730389114,0.0
16.18930196762085,-0.14831376001582766,-0.33586603563163286,0.0
16.194031238555908,-0.14971281542526643,-0.3357424136674525,0.0
16.198351860046387,-0.15111144920503972,-0.33564869963107136,0.0
16.202711820602417,-0.15250924756005596,-0.3354126017258182,0.0
16.207621574401855,-0.15390568275251226,-0.3350550888953968,0.0
16.212215662002563,-0.15530097715686478,-0.33480920779534745,0.0
16.216631412506104,-0.1566951730890525,-0.3345396570560772,0.0
16.221503019332886,-0.1580879426497278,-0.3341730682044157,0.0
16.226155757904053,-0.1594794837350545,-0.3339021525949624,0.0
16.230473518371582,-0.16086990050789177,-0.3336326778202154,0.0
16.23479199409485,-0.1622587647974867,-0.33322570763996,0.0
16.239511013031006,-0.16364552133324564,-0.3326868825540962,0.0
16.244287490844727,-0.16503015639968655,-0.33218762074041147,0.0
16.24860978126526,-0.16641290792743635,-0.33175130911415357,0.0
16.253056526184082,-0.16779344794761605,-0.33118906317837865,0.0
16.257699489593506,-0.16917143018018502,-0.33055798591033075,0.0
16.262299299240112,-0.170546833477544,-0.3299430855996918,0.0
16.266732454299927,-0.17191967324432306,-0.32932772236569424,0.0
16.271556615829468,-0.17328973873971354,-0.32864507595483067,0.0
16.27664613723755,-0.17465726531546136,-0.3280601708669944,0.0
16.281128644943237,-0.17602299435603982,-0.32767992921635203,0.0
16.285479068756104,-0.17738697928477118,-0.3272485601862563,0.0
16.290126085281372,-0.1787488453293723,-0.32671430602984125,0.0
16.29486894607544,-0.18010855797490202,-0.3262033030588337,0.0
16.299198865890503,-0.18146633709997273,-0.32575491120456335,0.0
16.30407214164734,-0.18282191147864202,-0.32519885522715625,0.0
16.308919429779053,-0.184175541177368,-0.32476191054189407,0.0
16.31324553489685,-0.18552767786667437,-0.32442979664014254,0.0
16.317585468292236,-0.18687808304279296,-0.32398641588883126,0.0
16.322391748428345,-0.18822632458019806,-0.3234418439104243,0.0
16.32709765434265,-0.1895725880031628,-0.32299037208371345,0.0
16.33142328262329,-0.1909171252723781,-0.32258849390417904,0.0
16.33576464653015,-0.1922596561078691,-0.32208039318547715,0.0
16.340560913085938,-0.1935997722495908,-0.32147705678887206,0.0
16.34525966644287,-0.1949376675813039,-0.3209675106209462,0.0
16.349740982055664,-0.19627360186940213,-0.32050982585584065,0.0
16.35484290122986,-0.19760751246365596,-0.3200148047861197,0.0
16.35950517654419,-0.19894003333374555,-0.3197351027517055,0.0
16.36383318901062,-0.20027148189747826,-0.31948519909908035,0.0
16.368159294128418,-0.2016015557993869,-0.3191286070223802,0.0
16.372716903686523,-0.20292981951517994,-0.3186682099107743,0.0
16.377411603927612,-0.20425614445416315,-0.31820126678253846,0.0
16.381736755371094,-0.20558067774962646,-0.3177835891473128,0.0
16.386062383651733,-0.2069031563389299,-0.3172653073666675,0.0
16.390823364257812,-0.20822317521288444,-0.31665095733263937,0.0
16.39544367790222,-0.20954089384852254,-0.31611966550281534,0.0
16.39981961250305,-0.21085647581602165,-0.31561302917559114,0.0
16.404539108276367,-0.21216971798678116,-0.31503317156557337,0.0
16.40921926498413,-0.21348075550621762,-0.3145209699397813,0.0
16.413490056991577,-0.21478981586086238,-0.31405901176734036,0.0
16.417892456054688,-0.2160965943303964,-0.3134827923687693,0.0
16.4226553440094,-0.21740079446519375,-0.3128497971073758,0.0
16.427239418029785,-0.218702638160303,-0.3123067362307745,0.0
16.431532382965088,-0.2200022707903591,-0.31178021579883797,0.0
16.43590474128723,-0.22129940080018756,-0.3111548820117626,0.0
16.440650939941406,-0.22259372981894232,-0.31046700796084137,0.0
16.445082426071167,-0.2238854718290787,-0.30986845803359847,0.0
16.44951367378235,-0.22517460367745395,-0.30923272189746975,0.0
16.454248666763306,-0.22646097841608753,-0.3085623578290183,0.0
16.458956241607666,-0.2277448348375625,-0.3079799525780647,0.0
16.463289499282837,-0.22902649892263938,-0.30747254136764024,0.0
16.46760392189026,-0.23030581605625114,-0.30689065214310773,0.0
16.47237515449524,-0.2315824641093813,-0.30623050748531927,0.0
16.477161645889282,-0.23285669078141302,-0.3056757158165064,0.0
16.481473684310913,-0.23412894437162154,-0.3052292624170218,0.0
16.485761165618896,-0.23539908374949176,-0.30470153021647,0.0
16.490566968917847,-0.23666675119965036,-0.3040864218104957,0.0
16.495388507843018,-0.23793222896776234,-0.30359076225774806,0.0
16.499871730804443,-0.23919602172468477,-0.3032167812597793,0.0
16.504875659942627,-0.24045820954713476,-0.30282786206234574,0.0
16.509573459625244,-0.2417193645488563,-0.3026270036987765,0.0
16.513904571533203,-0.2429798727399462,-0.302486978600919,0.0
16.518226385116577,-0.24423953015678013,-0.3022614036924777,0.0
16.522861003875732,-0.245497974633879,-0.301948452294832,0.0
16.527519464492798,-0.2467552281659066,-0.3016716678619652,0.0
16.53183889389038,-0.24801146299248547,-0.3014379446749721,0.0
16.53663420677185,-0.2492664402104467,-0.30111341512580136,0.0
16.5416202545166,-0.25052036323795496,-0.30088425321957535,0.0
16.546056747436523,-0.25177384410306813,-0.30081915310181073,0.0
16.55042338371277,-0.25302687947586033,-0.3006982940797154,0.0
16.555140018463135,-0.2542791530180246,-0.3004947922625676,0.0
16.559924840927124,-0.2555307447180725,-0.30034443824499313,0.0
16.564282417297363,-0.2567819457231245,-0.3002695360921734,0.0
16.56874990463257,-0.2580325432479383,-0.3001013870535836,0.0
16.573456287384033,-0.2592822848995105,-0.2998835557715682,0.0
16.57820725440979,-0.2605312494936245,-0.2997075090558021,0.0
16.58274555206299,-0.2617796537756938,-0.2995868931558468,0.0
16.58762288093567,-0.2630274624956839,-0.2994365176679355,0.0
16.592348337173462,-0.26427495157205366,-0.2993843600250506,0.0
16.596717357635498,-0.26552233058415914,-0.2993665265287541,0.0
16.601187705993652,-0.26676930731686777,-0.29924373825316647,0.0
16.60636281967163,-0.2680155692349663,-0.2990559248474281,0.0
16.61248803138733,-0.26926167966388065,-0.29907005957698374,0.0
16.617483377456665,-0.27050956758418676,-0.29963416424373385,0.0
16.62222456932068,-0.2717601106269024,-0.30029577253924183,0.0
16.630375862121582,-0.27301338293848537,-0.30094860287812414,0.0
16.634864568710327,-0.2742733268974258,-0.30286596638300434,0.0
16.63928508758545,-0.27554073063337503,-0.30461396992963935,0.0
16.64408040046692,-0.27681478506595736,-0.30615951946626546,0.0
16.65026307106018,-0.2780950677915566,-0.3076373893005289,0.0
16.655067920684814,-0.2793828824414071,-0.3095550009163106,0.0
16.659873962402344,-0.28067836096563625,-0.3113682351222276,0.0
16.665369987487793,-0.2819810366114358,-0.3130669002589969,0.0
16.670634269714355,-0.2832912016211852,-0.31489728275505124,0.0
16.675488471984863,-0.28460907525858914,-0.3167539196840517,0.0
16.680920124053955,-0.2859342433774133,-0.3184692710965613,0.0
16.687294006347656,-0.28726675500090565,-0.320247413925693,0.0
16.692264318466187,-0.28860790250411605,-0.3224182015684474,0.0
16.697582721710205,-0.289957610544063,-0.32443397340826147,0.0
16.702354669570923,-0.2913155992712585,-0.3264118705424326,0.0
16.707159757614136,-0.292681039415756,-0.32813701567096126,0.0
16.71229386329651,-0.2940528990296403,-0.3296161878227126,0.0
16.717230796813965,-0.2954305154253512,-0.3309652961904714,0.0
16.722248077392578,-0.29681309789585714,-0.33210472850964023,0.0
16.72736167907715,-0.2981998528276895,-0.33306009738314424,0.0
16.732272148132324,-0.2995901115826686,-0.3338628577748141,0.0
16.73734164237976,-0.3009829963018586,-0.3344355683071417,0.0
16.74215030670166,-0.3023777294929435,-0.3348361672638505,0.0
16.746630430221558,-0.30377329730653774,-0.33496969936422427,0.0
16.751619815826416,-0.3051682304451766,-0.3347220717115792,0.0
16.756484508514404,-0.30656154761834187,-0.33428749467356134,0.0
16.760836601257324,-0.3079523447814102,-0.3336259372749708,0.0
16.765239477157593,-0.3093391254526389,-0.3325611554662088,0.0
16.76991081237793,-0.3107203183623998,-0.3311279771221933,0.0
16.774826526641846,-0.31209474351689104,-0.32944000591637856,0.0
16.779268503189087,-0.3134616585670067,-0.32759941975969037,0.0
16.783604383468628,-0.3148199378461758,-0.3254494828198074,0.0
16.78833508491516,-0.3161682364549308,-0.3229722939380585,0.0
16.793039560317993,-0.31750569955014823,-0.32033064877718387,0.0
16.7974374294281,-0.31883166760878573,-0.3175327755858287,0.0
16.802058696746826,-0.32014520752158193,-0.3144883783644407,0.0
16.806915760040283,-0.32144561118985154,-0.31129957035888695,0.0
16.811228036880493,-0.32273260020886274,-0.308069815891469,0.0
16.81556272506714,-0.3240054568756773,-0.3046240354614403,0.0
16.820252418518066,-0.32526338286319223,-0.3009948011997217,0.0
16.82495641708374,-0.3265060801619037,-0.2973313638904699,0.0
16.829482555389404,-0.32773348239994626,-0.29365809010590294,0.0
16.834383726119995,-0.3289454123532406,-0.28993138115599815,0.0
16.839264392852783,-0.3301421207516514,-0.2863027259404867,0.0
16.84355330467224,-0.33132403872227484,-0.2827793471447979,0.0
16.847832679748535,-0.3324910045116101,-0.2791691047158844,0.0
16.852543830871582,-0.33364271275420826,-0.27549010109037314,0.0
16.857403993606567,-0.3347794105777293,-0.27191310788973155,0.0
16.86176323890686,-0.33590172834323384,-0.2685038300703035,0.0
16.866541147232056,-0.33700985852731363,-0.2651002311018422,0.0
16.871346712112427,-0.33810432815111646,-0.2618633942073368,0.0
16.875706911087036,-0.33918589250296277,-0.25881266298560296,0.0
16.880014419555664,-0.3402548749336301,-0.2558033613450817,0.0
16.884761571884155,-0.3413114334370385,-0.2528308076640022,0.0
16.889420747756958,-0.34235623212320265,-0.2500585278697625,0.0
16.89372968673706,-0.3433900302723017,-0.2474624583666444,0.0
16.89811897277832,-0.34441320798363306,-0.24492927823111202,0.0
16.902849912643433,-0.34542614317752063,-0.24249607120826294,0.0
16.907569885253906,-0.34642963852277986,-0.24028639960926398,0.0
16.911903142929077,-0.34742461917916523,-0.23829826702214912,0.0
16.916675806045532,-0.34841160199646076,-0.2364016737552142,0.0
16.921467542648315,-0.3493914459785662,-0.23474945571307376,0.0
16.925861120224,-0.3503651816174673,-0.2333455367419709,0.0
16.93030858039856,-0.35133341354074343,-0.23205232574299045,0.0
16.935086250305176,-0.35229666087108324,-0.23088833217949423,0.0
16.939953804016113,-0.35325580315724386,-0.229962726789151,0.0
16.944276332855225,-0.35421190610033193,-0.22929868410536755,0.0
16.94884705543518,-0.35516546482141464,-0.22870588376314957,0.0
16.95378875732422,-0.3561170259225625,-0.2282642524001621,0.0
16.958430290222168,-0.3570675826137237,-0.22809006409488108,0.0
16.962889432907104,-0.35801790030904435,-0.22807165551575911,0.0
16.96783185005188,-0.3589684115177195,-0.22813972012458367,0.0
16.97246217727661,-0.35991995013792155,-0.22844581511423878,0.0
16.976808071136475,-0.36087314285023925,-0.22887309902980152,0.0
16.98112940788269,-0.3618281702778957,-0.22931778113735668,0.0
16.985836505889893,-0.36278505823429685,-0.22976492342324217,0.0
16.99057650566101,-0.36374418921452695,-0.23033365002888495,0.0
16.994866371154785,-0.36470606606211425,-0.23102275857174087,0.0
16.99967384338379,-0.36567069534495145,-0.2316738336324021,0.0
17.004961252212524,-0.3666384216650616,-0.2324478674172117,0.0
17.009494304656982,-0.3676101986645071,-0.2334860880069752,0.0
17.01378583908081,-0.36858630472814324,-0.2345253160566798,0.0
17.018476486206055,-0.36956646953828814,-0.23547770192857323,0.0
17.023212432861328,-0.3705507099965137,-0.2364644501175594,0.0
17.027475357055664,-0.3715391783929475,-0.23748847727704517,0.0
17.03183126449585,-0.37253152215369484,-0.2383872455004766,0.0
17.036508321762085,-0.37352729653502587,-0.23918544986966092,0.0
17.04128336906433,-0.3745263841324013,-0.2399796113898533,0.0
17.045576572418213,-0.3755288364464034,-0.2407916019704218,0.0
17.050187349319458,-0.3765342214019327,-0.2414593761050122,0.0
17.055137157440186,-0.3775422411911881,-0.24207992935051167,0.0
17.059819221496582,-0.37855301108878747,-0.24275311662439422,0.0
17.06426763534546,-0.37956645470391126,-0.2433843085763622,0.0
17.06900119781494,-0.3805821476942401,-0.2438937045255392,0.0
17.07386875152588,-0.38159985050653505,-0.24436704715566415,0.0
17.078206777572632,-0.38261952331237126,-0.24483966458818965,0.0
17.082715034484863,-0.38364062667237975,-0.24513989247696838,0.0
17.087729930877686,-0.3846626070711352,-0.24532046167647598,0.0
17.092499494552612,-0.3856854496855565,-0.24553618333811678,0.0
17.096815824508667,-0.38670904140094126,-0.2457039855707945,0.0
17.101382970809937,-0.38773273585597867,-0.24568091611870924,0.0
17.10634684562683,-0.3887559858749602,-0.24554637924166764,0.0
17.110975742340088,-0.38977870555380173,-0.24542151659669292,0.0
17.115517139434814,-0.39080060243088,-0.24519983457295505,0.0
17.120584964752197,-0.3918211907423332,-0.24485497943970116,0.0
17.125585317611694,-0.39284046044602783,-0.24454797899512504,0.0
17.129901885986328,-0.3938584906467214,-0.2442536722135901,0.0
17.134323596954346,-0.39487468025250133,-0.2437627709769467,0.0
17.139124870300293,-0.3958883266111437,-0.2431125548825091,0.0
17.1437566280365,-0.3968991367651909,-0.24242170517733932,0.0
17.148237943649292,-0.3979067858697444,-0.24164044632664355,0.0
17.153019428253174,-0.39891076792427804,-0.24072740092925282,0.0
17.157660007476807,-0.3999108298580584,-0.23977730805197534,0.0
17.162028074264526,-0.4009066941721092,-0.23875076205111054,0.0
17.166386127471924,-0.4018978049986204,-0.23757181770247016,0.0
17.171066999435425,-0.4028835443343722,-0.23624591219913696,0.0
17.175853967666626,-0.40386362375656915,-0.23487670539720515,0.0
17.180153131484985,-0.4048379758317316,-0.23350035607129546,0.0
17.184548377990723,-0.40580613886504885,-0.2319786361847696,0.0
17.18937635421753,-0.4067676267372174,-0.23034981761722886,0.0
17.19414734840393,-0.4077224143755626,-0.2287486842487776,0.0
17.198638200759888,-0.40867057778395854,-0.2271626428936853,0.0
17.20328712463379,-0.4096119415257947,-0.22551542623798543,0.0
17.208052396774292,-0.41054641692827903,-0.22386022955086374,0.0
17.212377548217773,-0.41147409264625096,-0.22223606493705378,0.0
17.216670989990234,-0.4123947185485938,-0.22052150662630385,0.0
17.221372365951538,-0.41330791987458537,-0.21871715628798447,0.0
17.2260479927063,-0.41421371545887786,-0.21694877172080837,0.0
17.23033905029297,-0.4151122474684751,-0.2152138918223949,0.0
17.23471450805664,-0.4160033321165171,-0.21340902549832197,0.0
17.239405155181885,-0.4168867815515479,-0.21156737767179526,0.0
17.24413299560547,-0.41776274433823274,-0.2097855369785504,0.0
17.24864387512207,-0.4186315147389737,-0.20807792534238442,0.0
17.253384351730347,-0.41949322309703185,-0.2063872770182203,0.0
17.258108854293823,-0.420348155401688,-0.2047824949111415,0.0
17.262430429458618,-0.42119666161990976,-0.2032610799150332,0.0
17.266764640808105,-0.42203874757846943,-0.2017137339536707,0.0
17.27169704437256,-0.42287433571652255,-0.20015021279293646,0.0
17.27649211883545,-0.42370388813387794,-0.19873996513048492,0.0
17.280803203582764,-0.4245279200425819,-0.19744349171923334,0.0
17.28551959991455,-0.4253464916856248,-0.19612836363518268,0.0
17.290359020233154,-0.42615988202795374,-0.19490872907662493,0.0
17.29502034187317,-0.42696858979023805,-0.19381685570098656,0.0
17.299379348754883,-0.42777298839566585,-0.19280188772050322,0.0
17.304062366485596,-0.42857314134485885,-0.1917816001380023,0.0
17.308861017227173,-0.42936930293411063,-0.19084446553247214,0.0
17.31316089630127,-0.4301619087442074,-0.19001900066504523,0.0
17.317512273788452,-0.4309509989699729,-0.18916916726321314,0.0
17.32260823249817,-0.43173652022359355,-0.18831037347821772,0.0
17.327234506607056,-0.4325190499767761,-0.18763936834767844,0.0
17.331738710403442,-0.43329896034548465,-0.18702483677288126,0.0
17.336600065231323,-0.43407637726793086,-0.18643177895849714,0.0
17.34122610092163,-0.4348516740955262,-0.18595104070078405,0.0
17.345548391342163,-0.4356251082834848,-0.18551524452148288,0.0
17.34983992576599,-0.43639661030411414,-0.18504221423564135,0.0
17.354665517807007,-0.43716599976712334,-0.18452386998059003,0.0
17.35929560661316,-0.43793351591049684,-0.18409719412909556,0.0
17.363616228103638,-0.4386993659890748,-0.18370628059258326,0.0
17.367913007736206,-0.439463441369652,-0.18326867908688968,0.0
17.37267804145813,-0.4402255283623467,-0.18277825913670412,0.0
17.377495288848877,-0.44098577676352807,-0.18235338674288476,0.0
17.38185739517212,-0.4417444845353296,-0.182002013487726,0.0
17.386585235595703,-0.44250158412892954,-0.18160451825452725,0.0
17.391329288482666,-0.4432571660019568,-0.18125134848281044,0.0
17.395691394805908,-0.4440114124234804,-0.18094172962025828,0.0
17.400041341781616,-0.44476419469748274,-0.18057640553583573,0.0
17.4048330783844,-0.4455152701771321,-0.18015200268132095,0.0
17.40947985649109,-0.44626473079165824,-0.17977671613850413,0.0
17.413797855377197,-0.4470126552319516,-0.1794102363287401,0.0
17.418116092681885,-0.44775882067063205,-0.17896951154291615,0.0
17.4229154586792,-0.4485029204667994,-0.17845541004789345,0.0
17.4275004863739,-0.4492450144333304,-0.17798491411264167,0.0
17.431862354278564,-0.4499851105288069,-0.17750242663224414,0.0
17.4366614818573,-0.45072298706285113,-0.17695299235365308,0.0
17.441404819488525,-0.4514586930273104,-0.1764415569219826,0.0
17.445738077163696,-0.45219233353043287,-0.17595108889376584,0.0
17.45006537437439,-0.45292368428263113,-0.1753818535178489,0.0
17.454766273498535,-0.45365241805699275,-0.17473416135360628,0.0
17.459434747695923,-0.4543784871957489,-0.1740973759436568,0.0
17.463760137557983,-0.45510190769733105,-0.17346207392426524,0.0
17.468077659606934,-0.4558224332495063,-0.17274745307688844,0.0
17.472896337509155,-0.45653973596649283,-0.1719543484790341,0.0
17.47750759124756,-0.45725385742544733,-0.17120071632541456,0.0
17.481844186782837,-0.45796480656725674,-0.17043678503937143,0.0
17.48671293258667,-0.4586723451945563,-0.1696000602569434,0.0
17.491469621658325,-0.45937655547871264,-0.16881390153611484,0.0
17.49579429626465,-0.46007756059461496,-0.16805030188523323,0.0
17.500129461288452,-0.4607751472875363,-0.16721093574386156,0.0
17.504759073257446,-0.46146901741175206,-0.16630141882960597,0.0
17.50949764251709,-0.4621590935215743,-0.16539050660207139,0.0
17.513809204101562,-0.4628454460228425,-0.164502590641053,0.0
17.518120050430298,-0.46352787513731136,-0.1635430752353051,0.0
17.5228590965271,-0.4642060942634824,-0.16251571410385113,0.0
17.527581453323364,-0.46488012465539813,-0.16151777462581746,0.0
17.53193163871765,-0.46555007616207483,-0.16054517937830648,0.0
17.536749839782715,-0.4662158028724474,-0.15951744037654264,0.0
17.541532516479492,-0.4668773993860247,-0.15853835980383668,0.0
17.545878648757935,-0.46753504013082886,-0.15759887621642232,0.0
17.550259351730347,-0.46818859713789995,-0.1566052388344352,0.0
17.55486750602722,-0.4688378781253024,-0.15556812309433177,0.0
17.559562921524048,-0.4694828608926146,-0.1545383985703909,0.0
17.563913106918335,-0.470123635524566,-0.1535350383454732,0.0
17.56824517250061,-0.4707600873867805,-0.15248620350775072,0.0
17.572851419448853,-0.4713920259722439,-0.15139156467646608,0.0
17.577577114105225,-0.4720194479252942,-0.150311122957537,0.0
17.581955671310425,-0.4726424911800687,-0.14927008896936597,0.0
17.58675193786621,-0.4732610979984835,-0.14819743951245015,0.0
17.59148144721985,-0.4738754092632161,-0.1471804150965911,0.0
17.595834016799927,-0.47448561007728596,-0.1462040812136462,0.0
17.600186109542847,-0.47509163168330876,-0.14519217793266231,0.0
17.604812383651733,-0.4756933342464673,-0.1441473841470981,0.0
17.609509229660034,-0.47629075869394016,-0.14312665315754,0.0
17.61382746696472,-0.4768840485341417,-0.1421438245156072,0.0
17.61820888519287,-0.47747312829955385,-0.1411242088266738,0.0
17.62290048599243,-0.47805789212217503,-0.14008297843923104,0.0
17.627575397491455,-0.47863844405721984,-0.139082253328356,0.0
17.631975889205933,-0.47921494005637655,-0.1381179307751105,0.0
17.636905193328857,-0.47978736564641333,-0.13713684031387796,0.0
17.64153742790222,-0.4803559688848352,-0.13624072183793362,0.0
17.64585828781128,-0.48092091748369764,-0.1353699446542901,0.0
17.650174856185913,-0.4814821319992665,-0.13446529591870354,0.0
17.65484380722046,-0.48203947518320595,-0.13352801832725927,0.0
17.659448623657227,-0.4825930211315277,-0.13262533049742534,0.0
17.66373085975647,-0.48314287311239124,-0.13174415799778688,0.0
17.66811728477478,-0.48368893461603174,-0.13082492821956862,0.0
17.672711610794067,-0.4842311133761382,-0.12988885986181134,0.0
17.67734694480896,-0.48476946058099374,-0.1289747861420145,0.0
17.681720733642578,-0.4853040887970973,-0.12808940238812377,0.0
17.686325550079346,-0.48583496889640143,-0.12718513250204308,0.0
17.691071271896362,-0.4863621536085697,-0.1263040330891293,0.0
17.695420503616333,-0.48688581363584865,-0.12546983575951498,0.0
17.69980478286743,-0.48740592131096355,-0.12461114819953625,0.0
17.704583406448364,-0.4879223975092484,-0.12373530445509288,0.0
17.709254026412964,-0.48843538534291137,-0.12291097783743903,0.0
17.7135329246521,-0.4889450332253655,-0.12211697032484482,0.0
17.717863082885742,-0.4894512544252631,-0.12128509997972732,0.0
17.72260546684265,-0.48995392353637235,-0.12042572099195638,0.0
17.72721576690674,-0.49045314517697813,-0.11960899185397496,0.0
17.731526136398315,-0.4909490210388415,-0.11881058658700774,0.0
17.73615312576294,-0.4914414692346422,-0.11797986769644693,0.0
17.741195678710938,-0.49193052103168455,-0.11716992735897129,0.0
17.745495319366455,-0.49241646862642474,-0.11644656584785114,0.0
17.749783515930176,-0.4928992828929349,-0.11568502027375838,0.0
17.7546124458313,-0.4933788028376693,-0.11488468481024798,0.0
17.759148120880127,-0.49385513890659527,-0.11413262483836585,0.0
17.763484001159668,-0.4943283379281806,-0.11337945653886178,0.0
17.767789840698242,-0.49479829557924465,-0.11259327327419544,0.0
17.772610187530518,-0.495264863177827,-0.11177051670158746,0.0
17.77730655670166,-0.4957281396367229,-0.11099160581149496,0.0
17.781729698181152,-0.49618823924363653,-0.110234651054197,0.0
17.786651849746704,-0.49664511833098746,-0.1094564026574345,0.0
17.791319847106934,-0.49709892247984183,-0.10873184029856474,0.0
17.795610427856445,-0.49754974502350835,-0.10801924799099832,0.0
17.79995059967041,-0.49799745651224087,-0.10726124009994152,0.0
17.804690837860107,-0.4984418948119516,-0.10646648812610075,0.0
17.80931043624878,-0.49888309141963466,-0.10569406490135809,0.0
17.81360173225403,-0.49932107873428994,-0.10492456588524222,0.0
17.81794786453247,-0.49975571976186106,-0.10411025274760008,0.0
17.822753429412842,-0.5001868574489534,-0.10326062087428055,0.0
17.82719373703003,-0.5006145497888188,-0.10244132151273147,0.0
17.831501245498657,-0.501038758120377,-0.10159953837714047,0.0
17.836105823516846,-0.5014593341866241,-0.10071780718407153,0.0
17.840900659561157,-0.5018762438658707,-0.09983847417368585,0.0
17.8452308177948,-0.5022895759976364,-0.0989867710260563,0.0
17.849602460861206,-0.5026992459895423,-0.0980987868065698,0.0
17.85438346862793,-0.5031051254753094,-0.09718181929252954,0.0
17.859269618988037,-0.50350726612557,-0.09629104878271885,0.0
17.863563537597656,-0.5039058144025558,-0.09543841408333131,0.0
17.867900848388672,-0.5043006838292984,-0.09454539304758144,0.0
17.87260866165161,-0.5046917298463911,-0.09361957533724205,0.0
17.877227067947388,-0.5050789672813006,-0.09270943570459665,0.0
17.881519317626953,-0.5054624236901821,-0.09180288774812567,0.0
17.886139392852783,-0.5058419876139437,-0.09085947485010973,0.0
17.890953302383423,-0.5062176374116351,-0.08992142603822827,0.0
17.895501613616943,-0.5065894678601764,-0.08901191824228631,0.0
17.89984703063965,-0.5069574934743991,-0.08809754086671201,0.0
17.904595136642456,-0.5073216198989509,-0.08715459255948206,0.0
17.909273862838745,-0.5076818805786503,-0.08623187112815026,0.0
17.913563013076782,-0.5080383310491824,-0.08532017864045208,0.0
17.917893171310425,-0.5083908761415373,-0.08437435500665233,0.0
17.922696113586426,-0.5087393948963571,-0.08340120159168105,0.0
17.927411317825317,-0.5090839444528331,-0.08245544352073905,0.0
17.931773900985718,-0.5094246041241169,-0.08152593367164518,0.0
17.936606884002686,-0.5097613187652115,-0.08057336077241158,0.0
17.941387176513672,-0.5100941554115451,-0.07964992763925452,0.0
17.94573163986206,-0.5104232123907976,-0.07874824596738317,0.0
17.950093507766724,-0.5107484328381853,-0.07782111645620239,0.0
17.954894304275513,-0.5110697212571084,-0.07687191072926991,0.0
17.95968198776245,-0.5113871307965326,-0.07594707197685963,0.0
17.964004039764404,-0.5117007540495166,-0.07504374060966114,0.0
17.968377113342285,-0.5120105309737158,-0.07411402603666328,0.0
17.973355531692505,-0.5123163725285389,-0.07316461298646003,0.0
17.978062629699707,-0.5126183845480448,-0.07225563358315695,0.0
17.982550144195557,-0.5129166458691954,-0.07135840381219312,0.0
17.98727822303772,-0.5132111376533289,-0.0704512289309552,0.0
17.991958141326904,-0.513501889759983,-0.06955692433028925,0.0
17.996304750442505,-0.5137889385034679,-0.0686699501570167,0.0
18.000725030899048,-0.5140722178273095,-0.06775939422256336,0.0
18.00540518760681,-0.5143516541949474,-0.06683316726319975,0.0
18.01019525527954,-0.5146272565218988,-0.0659150171018971,0.0
18.01443648338318,-0.5148990859682144,-0.065013745922645,0.0
18.01899790763855,-0.5151670627778456,-0.06408132624284381,0.0
18.023802280426025,-0.5154311472963995,-0.06314660015484837,0.0
18.028328895568848,-0.5156913928179169,-0.06222969703402546,0.0
18.032737016677856,-0.5159477989840702,-0.061306738165815264,0.0
18.03768801689148,-0.5162003119828478,-0.06036857802791562,0.0
18.042393684387207,-0.5164490045215122,-0.05945875140105464,0.0
18.046732902526855,-0.516693928649947,-0.0585561361649535,0.0
18.05120849609375,-0.5169350253445759,-0.057632229561939294,0.0
18.055903911590576,-0.5171722417547807,-0.05669850791975052,0.0
18.06063151359558,-0.5174055890017918,-0.05577161675869239,0.0
18.065150260925293,-0.5176351007120492,-0.05485320921912412,0.0
18.06984281539917,-0.5178607638035496,-0.05392778757829212,0.0
18.074596405029297,-0.5180825874755254,-0.05300764771034435,0.0
18.078930854797363,-0.5183006046037048,-0.052096267466772435,0.0
18.08328342437744,-0.5185147621197629,-0.05116498556831524,0.0
18.087950468063354,-0.5187249849757947,-0.050216322250115915,0.0
18.092802047729492,-0.5189312672232574,-0.049271549138863106,0.0
18.09713578224182,-0.5191336597112003,-0.04834175092495556,0.0
18.101571083068848,-0.5193321223710469,-0.04739413929653823,0.0
18.10625195503235,-0.5195266041142197,-0.04643611711346226,0.0
18.110890865325928,-0.5197171088872885,-0.04548282793252451,0.0
18.115269660949707,-0.5199036478010188,-0.04453151654232087,0.0
18.12013339996338,-0.5200861836113322,-0.04356762789799627,0.0
18.124961137771606,-0.520264749294908,-0.04261848399594312,0.0
18.12928533554077,-0.5204393962881153,-0.0416808848222405,0.0
18.133686304092407,-0.5206100886502448,-0.040727936623094436,0.0
18.138277292251587,-0.5207767785359692,-0.03976479423508371,0.0
18.142938375473022,-0.5209394554020205,-0.03880167597081723,0.0
18.147254705429077,-0.5210981299800423,-0.037841983752362744,0.0
18.151651620864868,-0.5212527664458532,-0.03686968597036174,0.0
18.15626621246338,-0.5214033277565361,-0.03588973626938343,0.0
18.160889387130737,-0.5215498145827333,-0.03491255168844593,0.0
18.165383338928223,-0.5216922396174476,-0.03393850715199216,0.0
18.170406341552734,-0.521830599483727,-0.03296233538103423,0.0
18.175225257873535,-0.5219649514632159,-0.0320052024968652,0.0
18.179481029510498,-0.5220953450017645,-0.031057546106605587,0.0
18.183919191360474,-0.5222217527787215,-0.03009798861025519,0.0
18.18877935409546,-0.5223441495006199,-0.029134304129372537,0.0
18.193403959274292,-0.5224625642508257,-0.028181301734554926,0.0
18.197725296020508,-0.5225770143492339,-0.027230281149959724,0.0
18.202393293380737,-0.522687478385144,-0.026271748712496837,0.0
18.20757222175598,-0.5227939602738683,-0.02531697292150063,0.0
18.21193265914917,-0.5228965192529208,-0.024379900635070943,0.0
18.21627402305603,-0.522995153690365,-0.023436405424403763,0.0
18.220957279205322,-0.5230898378477425,-0.02248681488627241,0.0
18.22559356689453,-0.5231805746592134,-0.02154019486939669,0.0
18.229916095733643,-0.5232673719487727,-0.020595088384363823,0.0
18.234228134155273,-0.5233502145765451,-0.019644632782644646,0.0
18.23886489868164,-0.5234290824450507,-0.018689529019240366,0.0
18.243510484695435,-0.5235039779772093,-0.017736749817957715,0.0
18.24784564971924,-0.5235749106771057,-0.0167862370669749,0.0
18.252511262893677,-0.523641873886719,-0.015832838391430314,0.0
18.2577121257782,-0.5237048730603467,-0.014882146926691382,0.0
18.262255668640137,-0.5237639401956093,-0.013940792117021797,0.0
18.266624450683594,-0.5238190837680131,-0.012999037496722913,0.0
18.271313190460205,-0.5238702967652087,-0.01205517224228801,0.0
18.276195287704468,-0.5239175812155129,-0.011112659499944125,0.0
18.280617713928223,-0.5239609460227572,-0.010172545113601529,0.0
18.28531789779663,-0.5240003894502853,-0.009231075650422995,0.0
18.290269374847412,-0.5240359112870657,-0.008289990299533031,0.0
18.294769287109375,-0.524067514438184,-0.007349706524736193,0.0
18.29916787147522,-0.5240951961788018,-0.006408283667810468,0.0
18.303900718688965,-0.5241189522759707,-0.005465885957700566,0.0
18.30856204032898,-0.5241387793216032,-0.004522722605050304,0.0
18.312878370285034,-0.5241546732995629,-0.0035785293122832743,0.0
18.317235231399536,-0.5241666331481954,-0.0026343395702712363,0.0
18.321956396102905,-0.5241746603737093,-0.0016906306145619263,0.0
18.326926469802856,-0.5241787516287116,-0.0007456902884105507,0.0
18.331242084503174,-0.5241788946560787,0.00020276177934147908,0.0
18.335855722427368,-0.52417509043746,0.0011497293090681978,0.0
18.34067726135254,-0.5241673375111808,0.0020976593333349234,0.0
18.345088958740234,-0.5241556240318084,0.003049058971575192,0.0
18.349541902542114,-0.5241399508286037,0.003999036885670548,0.0
18.354305744171143,-0.5241203232454602,0.0049477786583003265,0.0
18.359055280685425,-0.5240967319918386,0.005899905276042164,0.0
18.363348960876465,-0.5240691626406494,0.0068555202717630525,0.0
18.367674112319946,-0.5240376263157449,0.007806413162333181,0.0
18.37226104736328,-0.5240021426069955,0.008752611337646198,0.0
18.376985788345337,-0.5239627152796965,0.00969916932675321,0.0
18.3812837600708,-0.5239193330783749,0.010649209000790605,0.0
18.385900259017944,-0.5238720126596443,0.011592758409774464,0.0
18.390584230422974,-0.5238207574545585,0.012537372994899505,0.0
18.394912481307983,-0.5237655571818065,0.013484922459720735,0.0
18.399298667907715,-0.5237064301799247,0.014425625722333402,0.0
18.40418291091919,-0.5236434008237489,0.015360811059161105,0.0
18.408953428268433,-0.5235764452230642,0.01630547991368556,0.0
18.413290977478027,-0.52350553370392,0.017256483387602523,0.0
18.41760754585266,-0.5234306842868862,0.01819960938108608,0.0
18.4223575592041,-0.5233519330620644,0.019133812432275916,0.0
18.42707109451294,-0.5232692693688883,0.020074400477094457,0.0
18.43139100074768,-0.5231826700656559,0.021020265578742033,0.0
18.436105251312256,-0.5230921603085383,0.021956322403806718,0.0
18.441188097000122,-0.5229977324397107,0.02289809842240459,0.0
18.445486783981323,-0.5228993142927111,0.023861060543436365,0.0
18.449851989746094,-0.5227969212388263,0.02481204343177611,0.0
18.454724073410034,-0.5226905950241153,0.02575366054957212,0.0
18.45943522453308,-0.5225803032650831,0.026708761166943658,0.0
18.4637553691864,-0.5224660126855303,0.02767001602361313,0.0
18.468520879745483,-0.522347756550373,0.028618575663135682,0.0
18.473620176315308,-0.5222255195674408,0.029576259416106296,0.0
18.478012561798096,-0.5220992103079324,0.03056015809605832,0.0
18.482574939727783,-0.5219688347629277,0.03153340325199135,0.0
18.487573623657227,-0.5218344097154392,0.032504828561237605,0.0
18.492257833480835,-0.5216958681915661,0.03349829083674212,0.0
18.496548652648926,-0.5215531739496838,0.03449600572266399,0.0
18.500843286514282,-0.5214063810925341,0.03547499147039186,0.0
18.50561237335205,-0.5212555678216942,0.036435195796378494,0.0
18.51032257080078,-0.5211007234346512,0.03740508381695906,0.0
18.514615535736084,-0.520941819081401,0.03838097613799277,0.0
18.519230127334595,-0.520778912276727,0.03933646381588675,0.0
18.524165868759155,-0.5206120236300297,0.04029215686546415,0.0
18.528536558151245,-0.5204410864051368,0.041269135792967766,0.0
18.53286576271057,-0.5202661306040471,0.04222942101408888,0.0
18.53765630722046,-0.5200872347653395,0.04317013866068823,0.0
18.542377948760986,-0.5199043798465135,0.04412347051960896,0.0
18.546704053878784,-0.5197175285944851,0.04508451890935576,0.0
18.551080465316772,-0.5195267384107983,0.04602462838071653,0.0
18.555819511413574,-0.5193320845760632,0.04694762749420321,0.0
18.56055736541748,-0.5191335529222553,0.047880862148459616,0.0
18.56490921974182,-0.5189311008879025,0.048824304615654644,0.0
18.569785594940186,-0.5187247794677265,0.0497480280538001,0.0
18.574531316757202,-0.5185145409241081,0.05069359791466104,0.0
18.57884955406189,-0.5183003272652349,0.05165044366520941,0.0
18.583179712295532,-0.5180822007719373,0.05258360317578881,0.0
18.587855100631714,-0.5178602562828243,0.053494309702597005,0.0
18.59250020980835,-0.5176344956136485,0.054411917618815614,0.0
18.596822500228882,-0.5174048977746474,0.05533394195355724,0.0
18.601168632507324,-0.5171715314663363,0.05623251184162911,0.0
18.605809211730957,-0.5169344864239721,0.0571101844604472,0.0
18.610486030578613,-0.5166937660365953,0.05799373656265923,0.0
18.614829778671265,-0.5164493347772665,0.05888669721213516,0.0
18.619512796401978,-0.5162012484003256,0.05975868236236558,0.0
18.62434458732605,-0.5159494939751673,0.06064179495700883,0.0
18.62864327430725,-0.5156939808043413,0.06155022059122677,0.0
18.63303256034851,-0.5154347631394834,0.062432851558628655,0.0
18.637851238250732,-0.5151719192550408,0.06329903230656632,0.0
18.642489910125732,-0.5149053844122938,0.06419140986287286,0.0
18.646806955337524,-0.5146351057787458,0.06509196279768938,0.0
18.65117859840393,-0.5143611503851634,0.06596834306578765,0.0
18.655858039855957,-0.5140835997276763,0.06682670172023629,0.0
18.66048240661621,-0.5138024278493197,0.06769937149656641,0.0
18.664798974990845,-0.5135175928890819,0.06858066682071186,0.0
18.66953468322754,-0.5132291602926307,0.06943814671177663,0.0
18.67436933517456,-0.5129370871676077,0.0703172873265593,0.0
18.67870044708252,-0.5126412501627329,0.07122867930297662,0.0
18.683053493499756,-0.5123416887208905,0.07211670319634836,0.0
18.68783402442932,-0.5120384910659329,0.07298428463240962,0.0
18.69249939918518,-0.5117315910830451,0.07387983335644217,0.0
18.696813344955444,-0.5114209141411103,0.07478994258842057,0.0
18.701141119003296,-0.511106526112658,0.07567412216498996,0.0
18.705862283706665,-0.5107885282724224,0.0765345369154787,0.0
18.710506439208984,-0.5104668738829531,0.07741782571798836,0.0
18.714843273162842,-0.510141496910911,0.07831462120180499,0.0
18.71959924697876,-0.5098124563963535,0.07918802448172438,0.0
18.72466778755188,-0.5094796900116101,0.08008916607481514,0.0
18.72921347618103,-0.5091429645227137,0.08105569346172174,0.0
18.73355770111084,-0.5088022137110114,0.08202162065479913,0.0
18.738513946533203,-0.5084575196381064,0.08296149021420345,0.0
18.743141174316406,-0.5081087496211574,0.08395249807382361,0.0
18.747458934783936,-0.5077558257514047,0.08495139402314143,0.0
18.752031326293945,-0.5073988414476169,0.08591776983678108,0.0
18.75704026222229,-0.5070378284269724,0.08688483356989765,0.0
18.761449575424194,-0.5066726066810262,0.08790926611410499,0.0
18.76583433151245,-0.5063031901353486,0.08891012605414433,0.0
18.770686864852905,-0.5059296875224638,0.08988404943189672,0.0
18.77538251876831,-0.5055520141894613,0.09089403545860988,0.0
18.779802799224854,-0.5051700904687432,0.09191749605691639,0.0
18.784250259399414,-0.5047839809805945,0.09291578983328719,0.0
18.788837432861328,-0.5043937788810421,0.09389266234637525,0.0
18.79349970817566,-0.5039995124703014,0.09486761761028539,0.0
18.797797918319702,-0.5036011578162625,0.09585086938103753,0.0
18.80239963531494,-0.5031988433933654,0.09679024822761538,0.0
18.807574033737183,-0.502792614143768,0.09772986620813544,0.0
18.811994791030884,-0.502382211656791,0.09875208889013636,0.0
18.816348552703857,-0.5019676415515172,0.09974498803859161,0.0
18.820987939834595,-0.501549056191011,0.10069890638633698,0.0
18.825573205947876,-0.5011264842760781,0.10165663043932141,0.0
18.829898834228516,-0.5006999362169441,0.10260975537915872,0.0
18.834223747253418,-0.5002695533705015,0.1035191825541751,0.0
18.838805675506592,-0.49983551504684304,0.10438579639298701,0.0
18.843475818634033,-0.49939787347599773,0.10524996425415545,0.0
18.847773551940918,-0.49895659551036775,0.10612555346421994,0.0
18.852399826049805,-0.49851181379063064,0.10695489560129796,0.0
18.857287168502808,-0.4980635563167554,0.10779068884110846,0.0
18.861812353134155,-0.4976116672472869,0.10867419733226498,0.0
18.866161823272705,-0.49715612989024127,0.1095471472995395,0.0
18.870893239974976,-0.49669707448824363,0.11038194160033106,0.0
18.875495433807373,-0.49623446443192654,0.11124116391541082,0.0
18.87980890274048,-0.49576826429080173,0.11210358319535867,0.0
18.884119749069214,-0.49529860731775976,0.1129223000967177,0.0
18.88878893852234,-0.494825672305346,0.11369837078586117,0.0
18.89344549179077,-0.49434944676062076,0.1144926491814087,0.0
18.897862672805786,-0.49386986094789753,0.11530317392870919,0.0
18.902694940567017,-0.49338697219920435,0.11608994058177052,0.0
18.907744646072388,-0.4929006572345808,0.11692406977059065,0.0
18.91239309310913,-0.4924106058469015,0.11784167442020085,0.0
18.916813850402832,-0.4919166915248978,0.11877194390032901,0.0
18.921669244766235,-0.4914189858822545,0.11967507901605828,0.0
18.926310777664185,-0.4909173649012439,0.12062693768311172,0.0
18.930618286132812,-0.4904117471869274,0.12158860507887924,0.0
18.935002326965332,-0.48990227746523607,0.12250069605749458,0.0
18.939709663391113,-0.48938911679107483,0.12337777364187233,0.0
18.944373846054077,-0.4888722286517304,0.12427820106794142,0.0
18.94884967803955,-0.48835154208158166,0.12519355497923082,0.0
18.953705072402954,-0.4878271027453674,0.1260893238737392,0.0
18.95833706855774,-0.4872987760805545,0.1270346747086528,0.0
18.962634325027466,-0.48676648793519134,0.1279872307699921,0.0
18.966985940933228,-0.48623040221969827,0.12888493954845293,0.0
18.971928358078003,-0.48569071215260495,0.12973909981192158,0.0
18.97692608833313,-0.485147252560405,0.13066062141080817,0.0
18.98126792907715,-0.484599716530618,0.1316579003948327,0.0
18.9858500957489,-0.484048182034984,0.13260498776239849,0.0
18.990745067596436,-0.4834927135245587,0.1335481770082594,0.0
18.995361804962158,-0.482933142239877,0.13454666307238133,0.0
18.99975061416626,-0.4823694108499388,0.13554506799282667,0.0
19.00452995300293,-0.48180165905951305,0.13649879867281817,0.0
19.009262084960938,-0.4812298346636634,0.13748411913386321,0.0
19.013558864593506,-0.4806538393146869,0.1384903819310914,0.0
19.01801347732544,-0.4800738561992922,0.1394310524520473,0.0
19.022788524627686,-0.47949005739911216,0.1403385178953428,0.0
19.02735733985901,-0.4789023810237295,0.1412768505250045,0.0
19.031866550445557,-0.47831083038066813,0.14220383971805403,0.0
19.036821842193604,-0.47771549004957886,0.1431075457263673,0.0
19.04146146774292,-0.47711617528770967,0.1440781218322765,0.0
19.045745849609375,-0.47651281424801484,0.1450494052953325,0.0
19.05012607574463,-0.4759056315864264,0.1459485700987881,0.0
19.054883003234863,-0.47529486108695,0.14679696155592778,0.0
19.059512853622437,-0.4746804679047626,0.14767342022134192,0.0
19.063868761062622,-0.4740624195180814,0.14855093272453135,0.0
19.068678855895996,-0.473440889431255,0.14937257806529347,0.0
19.0733904838562,-0.4728158089083967,0.15023483196901485,0.0
19.077720165252686,-0.4721870765506658,0.15111599940465964,0.0
19.082226276397705,-0.47155486692599796,0.15193500844242558,0.0
19.087039709091187,-0.47091931625332356,0.15273114310571817,0.0
19.0919668674469,-0.47028031239007045,0.153570781760115,0.0
19.09629249572754,-0.4696376012977255,0.15447720914187446,0.0
19.100642204284668,-0.468991315203686,0.1553190735778132,0.0
19.10537815093994,-0.46834170108659384,0.15610342516953007,0.0
19.110105752944946,-0.46768873057223315,0.15691601915145006,0.0
19.114477396011353,-0.4670322932855942,0.15775451923169567,0.0
19.11914610862732,-0.4663725268550275,0.15854035050229195,0.0
19.12393856048584,-0.46570944080100296,0.15934068498480553,0.0
19.128281831741333,-0.46504288954486317,0.16018276759045216,0.0
19.132638454437256,-0.46437301436021194,0.16096573639210143,0.0
19.137468338012695,-0.4637000460018977,0.16169456777295477,0.0
19.142255783081055,-0.46302387192232275,0.16247744970407332,0.0
19.146538496017456,-0.4623443002960378,0.16330369996393637,0.0
19.15086078643799,-0.4616615105908995,0.16405807557601126,0.0
19.155688047409058,-0.460975766422723,0.16475205123952283,0.0
19.160372257232666,-0.46028695175802,0.1655032795446437,0.0
19.164733409881592,-0.4595949338825714,0.16627789546715022,0.0
19.16935157775879,-0.4588998486413052,0.16700125236555605,0.0
19.17422604560852,-0.4582017176441855,0.16773477448218954,0.0
19.178478956222534,-0.45750031181978923,0.1685382052805046,0.0
19.18284010887146,-0.4567957983127532,0.1692648610675953,0.0
19.187623739242554,-0.45608840936556094,0.16994278822573153,0.0
19.19243574142456,-0.45537803092895224,0.17067344424634154,0.0
19.196754455566406,-0.4546644253531159,0.17146257137375143,0.0
19.201122283935547,-0.45394771897102937,0.17219179297471368,0.0
19.205790519714355,-0.4532281180439251,0.1728749781561454,0.0
19.210373878479004,-0.45250558375930205,0.17358592172533482,0.0
19.21472454071045,-0.4517800647175809,0.17430406234263196,0.0
19.219653844833374,-0.45105170504625325,0.17497368848603168,0.0
19.224489450454712,-0.45032026298801825,0.1757368348688112,0.0
19.228794813156128,-0.44958542742026625,0.17656836948978763,0.0
19.23317527770996,-0.4488473239146136,0.17733693766414566,0.0
19.238091945648193,-0.44810615125223074,0.17806288273708107,0.0
19.242937326431274,-0.4473616703794026,0.1788795200005633,0.0
19.247256994247437,-0.4466135667004798,0.17976659908225986,0.0
19.251580953598022,-0.4458619614259778,0.18059142281900073,0.0
19.256575107574463,-0.44510710562658257,0.18135665546375598,0.0
19.261130809783936,-0.44434871938664333,0.1822313087799923,0.0
19.26564884185791,-0.4435867011297848,0.18310200373927346,0.0
19.270668268203735,-0.44282109806241027,0.18395891303718548,0.0
19.275352239608765,-0.44205157225045594,0.18492854449654336,0.0
19.279783725738525,-0.441277932867341,0.18592167485077518,0.0
19.28421115875244,-0.4405002884539845,0.18687224539169267,0.0
19.288877964019775,-0.43971881870873264,0.18777949914190925,0.0
19.293782949447632,-0.43893351085135585,0.18870527567059536,0.0
19.298176765441895,-0.4381441005389918,0.18970946202684608,0.0
19.303189277648926,-0.4373506841186853,0.19065669346227945,0.0
19.3079354763031,-0.436552996101977,0.19170785106672836,0.0
19.312267303466797,-0.4357508338019483,0.19278923335997644,0.0
19.316645860671997,-0.4349444170596432,0.19379020200913025,0.0
19.32150888442993,-0.43413403930291355,0.1947240770456511,0.0
19.326270818710327,-0.4333195791547983,0.1957191452439834,0.0
19.33060050010681,-0.4325008741178682,0.19674581767951127,0.0
19.3352108001709,-0.43167815687094035,0.19768750903717275,0.0
19.34027338027954,-0.43085154393779435,0.19862023272052118,0.0
19.344716548919678,-0.43002069818016697,0.19966381873319372,0.0
19.349188327789307,-0.4291856894493329,0.20064811405957625,0.0
19.35409188270569,-0.42834673900355386,0.20158136953355202,0.0
19.358949422836304,-0.42750369463244875,0.20258033480117763,0.0
19.36329460144043,-0.4266563310823753,0.20362947942803478,0.0
19.367606163024902,-0.42580488212889084,0.20458710251610765,0.0
19.372327089309692,-0.4249497523705628,0.20544576190684388,0.0
19.377262830734253,-0.4240909978820213,0.20631945481237457,0.0
19.381820917129517,-0.4232283754233657,0.20726596803024955,0.0
19.38665199279785,-0.42236191481350444,0.20817867554432387,0.0
19.391326904296875,-0.42149152138507456,0.20913293829912652,0.0
19.395636081695557,-0.4206171635758557,0.21008345336447856,0.0
19.399940252304077,-0.41973917621247914,0.2109280824195976,0.0
19.404816150665283,-0.41885799623551256,0.2116681856599734,0.0
19.409498929977417,-0.41797355111263623,0.2124663264479549,0.0
19.41379451751709,-0.4170857733032881,0.2132667394242459,0.0
19.418383836746216,-0.4161949931593259,0.21396069217428595,0.0
19.423396587371826,-0.4153013849376726,0.21463436167727834,0.0
19.428024768829346,-0.41440465627352907,0.21540833823832423,0.0
19.432525873184204,-0.41350473842797697,0.21617088556444064,0.0
19.437116384506226,-0.4126017905443887,0.21688631991314247,0.0
19.441819190979004,-0.4116959241391421,0.21758177092353248,0.0
19.4461510181427,-0.4107871192000623,0.21829028402551337,0.0
19.450453996658325,-0.40987565341800797,0.21890559134517848,0.0
19.455049991607666,-0.4089619297940537,0.2194230072521399,0.0
19.45986270904541,-0.40804607924646213,0.2199311520038082,0.0
19.464216947555542,-0.4071279395625133,0.22049428964531897,0.0
19.468822717666626,-0.4062076981292018,0.2209791440145163,0.0
19.4737651348114,-0.40528544092731256,0.22146257229633687,0.0
19.47829008102417,-0.4043608626888746,0.22204415319119294,0.0
19.482616424560547,-0.4034339416108977,0.22260000412405798,0.0
19.48732590675354,-0.4025049609916487,0.2230737810114856,0.0
19.492040634155273,-0.4015738989183025,0.2235819181359124,0.0
19.496384382247925,-0.4006406065285213,0.22412623767701637,0.0
19.500683546066284,-0.399705275429509,0.22459719128366804,0.0
19.505367755889893,-0.3987682411627553,0.22498522764715267,0.0
19.510245323181152,-0.3978294783509956,0.22540901392944923,0.0
19.514628887176514,-0.39688865615805696,0.22592674640152585,0.0
19.519330501556396,-0.3959458490850129,0.22638933542230852,0.0
19.524179697036743,-0.3950009798483708,0.22689502826106092,0.0
19.52848768234253,-0.39405373076713146,0.22748800754517448,0.0
19.532830238342285,-0.3931042531494918,0.22800348609241103,0.0
19.537753582000732,-0.3921528267383706,0.2284552793015311,0.0
19.542482376098633,-0.3911991575850914,0.22902235019198064,0.0
19.54679799079895,-0.3902429580700194,0.2296430384813779,0.0
19.551087617874146,-0.3892844010626977,0.23019054612103912,0.0
19.555696725845337,-0.3883238068121222,0.2306599679462605,0.0
19.560312032699585,-0.3873611844020633,0.23115250358006367,0.0
19.564697980880737,-0.38639643026602866,0.2316704757329267,0.0
19.56974744796753,-0.3854296579393535,0.2321436431972259,0.0
19.574443101882935,-0.3844604078018568,0.23277880806648016,0.0
19.57875418663025,-0.38348836044299356,0.23346219404257693,0.0
19.583194494247437,-0.38251369151847137,0.2340733057114576,0.0
19.587942123413086,-0.3815365690228937,0.23465474724743673,0.0
19.592613220214844,-0.38055681354161874,0.2353034841826802,0.0
19.59692072868347,-0.37957422513143824,0.23599377314188874,0.0
19.60126519203186,-0.37858899004449714,0.23661061935096744,0.0
19.605820178985596,-0.37760137036792646,0.23716807748065022,0.0
19.610506772994995,-0.37661139955036277,0.23773462296830564,0.0
19.61488175392151,-0.37561890944703125,0.23835194262284964,0.0
19.61976957321167,-0.3746239997099949,0.23892045619976046,0.0
19.62445068359375,-0.37362636076780864,0.23960428940200884,0.0
19.628764152526855,-0.3726257281642605,0.2403343138130022,0.0
19.633174180984497,-0.3716222802065137,0.24099189140181054,0.0
19.637795209884644,-0.370616215981237,0.24160990778445054,0.0
19.64244294166565,-0.3696074856002309,0.24225707056092374,0.0
19.646741151809692,-0.36859594364393056,0.24294105162712454,0.0
19.651095867156982,-0.3675817910875281,0.2435484558304557,0.0
19.65577983856201,-0.3665652824125261,0.2440999500568708,0.0
19.660513877868652,-0.3655463123397266,0.24470376276130623,0.0
19.665011167526245,-0.3645246166180758,0.2453746953559204,0.0
19.669867753982544,-0.36350016185435174,0.24603394592473765,0.0
19.674616813659668,-0.36247263191473206,0.2467982454181885,0.0
19.67892551422119,-0.36144171046125684,0.24762875947535923,0.0
19.68332862854004,-0.3604075796813718,0.24837891189359818,0.0
19.687971353530884,-0.359370472644468,0.24908126707460007,0.0
19.692630290985107,-0.35833034031306654,0.24981524137485772,0.0
19.69693112373352,-0.3572870391664655,0.2505846023836982,0.0
19.70128107070923,-0.35624079536920605,0.25126980298725965,0.0
19.705793142318726,-0.3551919021745476,0.25188921473571385,0.0
19.71039605140686,-0.35414046024712525,0.2524983397847872,0.0
19.71485137939453,-0.35308641737692326,0.25312759899140563,0.0
19.719815015792847,-0.3520298445513777,0.25372743398849423,0.0
19.724518299102783,-0.35097033374082287,0.2544676358674199,0.0
19.728896856307983,-0.3499075862302359,0.2552566434584174,0.0
19.73320198059082,-0.34884174482881286,0.25598369044023406,0.0
19.73785138130188,-0.347773140569468,0.25662546178527434,0.0
19.742472648620605,-0.3467017609616645,0.25729964805057903,0.0
19.746767044067383,-0.34562750462516434,0.2579954717098914,0.0
19.7513906955719,-0.3445506284836113,0.2586018740191203,0.0
19.75649118423462,-0.343471149992292,0.259232490891749,0.0
19.760963201522827,-0.342388467790987,0.2600474621062207,0.0
19.76535129547119,-0.3413024994108538,0.26082738495592134,0.0
19.770156145095825,-0.3402134796631981,0.2615438525838495,0.0
19.774919271469116,-0.3391212265407085,0.2623397059995283,0.0
19.779351472854614,-0.33802546460203936,0.26319723982485527,0.0
19.783901929855347,-0.3369263000623006,0.26400023133148265,0.0
19.788673400878906,-0.3358238323697283,0.2647895778168013,0.0
19.793245792388916,-0.3347178839633177,0.2656402879771334,0.0
19.797603845596313,-0.33360842298894644,0.26648074092536217,0.0
19.80233645439148,-0.3324957259078853,0.2672361494151232,0.0
19.807242393493652,-0.3313797386773324,0.2680371925707405,0.0
19.811542749404907,-0.33026009216129826,0.2689411446727874,0.0
19.815871953964233,-0.32913702743337503,0.2697336617757096,0.0
19.820667028427124,-0.3280109706128089,0.2704269649353254,0.0
19.825420379638672,-0.3268818221464331,0.27118518773021616,0.0
19.82972502708435,-0.3257493660423926,0.2719908890276311,0.0
19.834041595458984,-0.3246139015679793,0.2726850068263772,0.0
19.838911056518555,-0.3234758720212974,0.27327446323266613,0.0
19.843448162078857,-0.3223350993563982,0.273955771482817,0.0
19.847816944122314,-0.3211915753076798,0.27460911351192646,0.0
19.85256791114807,-0.320045599761497,0.2751758168219496,0.0
19.857208490371704,-0.31889710523838,0.2757929863615977,0.0
19.861515045166016,-0.31774600854785046,0.2764199567997844,0.0
19.86587166786194,-0.3165926392629327,0.276938202543189,0.0
19.870683431625366,-0.3154373838218931,0.27736902845216477,0.0
19.875479459762573,-0.31428009184620537,0.2778771076733609,0.0
19.879814386367798,-0.31312046516788344,0.27845485000387277,0.0
19.88420534133911,-0.3119587327887225,0.27893609834577915,0.0
19.88886284828186,-0.3107952238227401,0.27934419368146396,0.0
19.893500804901123,-0.30962993623532514,0.2797773199838994,0.0
19.898457527160645,-0.30846278776520913,0.28022842657986435,0.0
19.903281927108765,-0.30729334661481905,0.28081171007492517,0.0
19.908055067062378,-0.3061212234779403,0.28147551497793993,0.0
19.912387371063232,-0.30494615009007453,0.2821983250684401,0.0
19.916810274124146,-0.30376838541634626,0.2828186047046753,0.0
19.921518325805664,-0.30258824613240926,0.2833717233562993,0.0
19.92632508277893,-0.3014056839059167,0.2839626910172846,0.0
19.930649757385254,-0.30022043384783015,0.2846258055222975,0.0
19.935322284698486,-0.2990327506533395,0.28518337570182833,0.0
19.940271854400635,-0.29784266961213207,0.2857648294571513,0.0
19.94463610649109,-0.2966497792842275,0.2864699790372309,0.0
19.948983669281006,-0.2954542457368117,0.2870807635619592,0.0
19.953335285186768,-0.2942564736259195,0.2875935131727545,0.0
19.957906484603882,-0.29305685717189156,0.2880127902673494,0.0
19.96279740333557,-0.2918555237352049,0.2884224663582662,0.0
19.967119455337524,-0.2906521438369865,0.2889407718220816,0.0
19.971779108047485,-0.28944692838031294,0.2893553860689092,0.0
19.97649359703064,-0.2882399093788375,0.289794315141667,0.0
19.9809672832489,-0.2870309232736282,0.29027747749403227,0.0
19.98588728904724,-0.2858200673109646,0.29071477966304965,0.0
19.9905903339386,-0.28460701097644064,0.291273127658227,0.0
19.994900941848755,-0.2833915134941909,0.29186817820314,0.0
19.999212980270386,-0.2821738821260587,0.292352675466536,0.0
20.00388741493225,-0.2809545649296802,0.2927306450900959,0.0
20.008559465408325,-0.27973357182595693,0.29314094485996034,0.0
20.012899160385132,-0.2785107723706485,0.29358221015917446,0.0
20.017757892608643,-0.27728642736295817,0.29392970156396203,0.0
20.02271580696106,-0.2760603092993384,0.2943812462513978,0.0
20.02731728553772,-0.27483187766052214,0.29497107186799043,0.0
20.031660318374634,-0.27360098921325926,0.29556064250616354,0.0
20.036338567733765,-0.2723679503545908,0.2960522537229368,0.0
20.040949821472168,-0.2711327656869297,0.29657504174327065,0.0
20.045279502868652,-0.26989538790962275,0.29710257443473015,0.0
20.0499587059021,-0.2686561307596063,0.2975281324608265,0.0
20.054797172546387,-0.2674149954204596,0.2979872997813202,0.0
20.0594425201416,-0.2661716562528196,0.29853946720934865,0.0
20.063804864883423,-0.26492596493107107,0.29910810074793975,0.0
20.068546533584595,-0.26367819210554744,0.29958464000991136,0.0
20.07317614555359,-0.2624282618286988,0.3001161771217356,0.0
20.077484369277954,-0.26117608475815607,0.3006579722404427,0.0
20.08177661895752,-0.259922003735846,0.3010866412679957,0.0
20.086540937423706,-0.258666497731838,0.301399748450306,0.0
20.091389179229736,-0.25740947004027837,0.3017823181830032,0.0
20.095770597457886,-0.25615053600709486,0.3022648225351446,0.0
20.100363969802856,-0.2548898492200611,0.30266487091427025,0.0
20.105341911315918,-0.2536274898054727,0.3030667625043695,0.0
20.110029458999634,-0.2523629867549659,0.30361875968236496,0.0
20.11440682411194,-0.2510960806868455,0.3042037260862007,0.0
20.11900234222412,-0.24982701410439948,0.304700103811409,0.0
20.123623371124268,-0.2485558849783721,0.3051946588963005,0.0
20.127967596054077,-0.24728267079615854,0.30569702540388277,0.0
20.132304906845093,-0.24600767626010264,0.3060992850208295,0.0
20.137104749679565,-0.24473131662206812,0.306402032845323,0.0
20.141915559768677,-0.24345343265979041,0.30678889962515715,0.0
20.1463840007782,-0.24217366778145116,0.3072618362316095,0.0
20.151196718215942,-0.2408920895491198,0.3076844649533513,0.0
20.15599226951599,-0.23960848259145281,0.30819278000939226,0.0
20.160320043563843,-0.23832252055038697,0.3087769677776853,0.0
20.1646146774292,-0.23703446982136306,0.30925062035676315,0.0
20.169469833374023,-0.23574482186025683,0.30960385206164026,0.0
20.17410397529602,-0.2344533780093233,0.3100607920218298,0.0
20.178390979766846,-0.23315998836525564,0.3105311326644923,0.0
20.183051824569702,-0.23186502643057175,0.3108774869066561,0.0
20.18810725212097,-0.23056853522230195,0.3112514029836112,0.0
20.192826986312866,-0.22926991519183323,0.3118079860984519,0.0
20.197219133377075,-0.22796884011529364,0.31240807317808383,0.0
20.201977252960205,-0.22666554159890517,0.31291954595271115,0.0
20.206592559814453,-0.2253599290025536,0.31348956055977456,0.0
20.21091866493225,-0.22405194417878255,0.3140586688538308,0.0
20.21524667739868,-0.22274195298835348,0.3145110044461813,0.0
20.219894647598267,-0.22143042933024565,0.3148506164059129,0.0
20.22455859184265,-0.22011743272491724,0.31520875561170714,0.0
20.228880643844604,-0.21880286726042758,0.3155914108913052,0.0
20.233540058135986,-0.21748705976235747,0.3158613104599764,0.0
20.238435745239258,-0.2161700454883214,0.3161575122661583,0.0
20.242795705795288,-0.21485142017410438,0.31657431102443323,0.0
20.247100114822388,-0.21353136484373356,0.3168929836766835,0.0
20.251896858215332,-0.21221034747193826,0.31709461299926034,0.0
20.256502151489258,-0.21088822294963291,0.317381691350391,0.0
20.260826587677002,-0.20956488273021803,0.3176750217423835,0.0
20.265180349349976,-0.20824065362768598,0.317861687618466,0.0
20.269840002059937,-0.20691592953508658,0.3179578624187229,0.0
20.27451753616333,-0.2055906878618983,0.3180914299174755,0.0
20.279022216796875,-0.20426474975488715,0.3182697662824706,0.0
20.28355121612549,-0.2029381484962513,0.3184225292859649,0.0
20.28821635246277,-0.20161095372648957,0.3185615317805375,0.0
20.29298162460327,-0.20028304496017227,0.318743676618467,0.0
20.297359704971313,-0.19895411645880776,0.3190092772051856,0.0
20.30200982093811,-0.19762431940330238,0.31919868073884355,0.0
20.306869506835938,-0.19629361483327112,0.31942595105998023,0.0
20.311505556106567,-0.19496157950929335,0.3197760362371654,0.0
20.315831661224365,-0.19362799917932813,0.32015374339202596,0.0
20.320645332336426,-0.19229315811731654,0.32043127478437955,0.0
20.325297594070435,-0.19095683938364458,0.3208116200252631,0.0
20.329622268676758,-0.18961883213231723,0.3212251643285369,0.0
20.333975553512573,-0.18827942272423648,0.3215360057660338,0.0
20.338808298110962,-0.18693899206258302,0.32175919245900886,0.0
20.343263387680054,-0.18559727899355855,0.3220951682651809,0.0
20.347588062286377,-0.18425431058449543,0.3223848848217152,0.0
20.35224223136902,-0.18291044247137384,0.3225762170401766,0.0
20.35707139968872,-0.18156564796376862,0.3228088862789676,0.0
20.361422300338745,-0.18021953152540837,0.3231543489396281,0.0
20.365818738937378,-0.17887225276805574,0.3234111359104621,0.0
20.370693683624268,-0.17752411265831045,0.32360117227161045,0.0
20.3754301071167,-0.17617476107779553,0.3239254990800665,0.0
20.379761934280396,-0.17482383153416162,0.32432233934855836,0.0
20.384148359298706,-0.17347155578714862,0.3246208431922157,0.0
20.388885498046875,-0.17211826299230665,0.32484679628971963,0.0
20.39342474937439,-0.1707637909336572,0.3251488440824315,0.0
20.397811889648438,-0.1694080877896293,0.32544210873931984,0.0
20.402904748916626,-0.16805138758173882,0.32566341326039194,0.0
20.40758204460144,-0.16669306104070997,0.3261100751752192,0.0
20.41193151473999,-0.1653327369497593,0.32660040471661,0.0
20.416272163391113,-0.16397067002919655,0.3269946656393993,0.0
20.42106342315674,-0.16260726468746714,0.32729153858432036,0.0
20.425649404525757,-0.1612423269980733,0.32768293387570224,0.0
20.4299795627594,-0.15987574371307936,0.32807905957424693,0.0
20.434617280960083,-0.15850783367520083,0.3283715768231168,0.0
20.439691305160522,-0.15713861449557656,0.32869299700986643,0.0
20.44417142868042,-0.1557673954084487,0.32922583146609563,0.0
20.44857907295227,-0.15439410335111706,0.3297115697437936,0.0
20.453519582748413,-0.15301902944593754,0.3301198469196968,0.0
20.45844268798828,-0.15164178812922247,0.3306773294105949,0.0
20.4627685546875,-0.15026180072035186,0.33137025449305957,0.0
20.467066764831543,-0.14887931394204953,0.3319390753558028,0.0
20.47187638282776,-0.1474948748754179,0.3323741979661283,0.0
20.476572036743164,-0.14610835296762825,0.3328956683343708,0.0
20.480910778045654,-0.14471955296918876,0.3334508348538863,0.0
20.485740661621094,-0.14332881719790305,0.3338852240569233,0.0
20.490517139434814,-0.14193598756693443,0.3344104650384796,0.0
20.494892120361328,-0.14054077058711908,0.3349993380763891,0.0
20.500903606414795,-0.13914344830390618,0.33547674163402724,0.0
20.505919694900513,-0.1377422968963993,0.33654294185927036,0.0
20.51131272315979,-0.13633626438199503,0.33774950022884487,0.0
20.519020795822144,-0.13492429377409665,0.3392475124141195,0.0
20.523799180984497,-0.1335021256895199,0.3420114024765706,0.0
20.529005765914917,-0.13206857907063357,0.34473123790954413,0.0
20.533941984176636,-0.1306233041487596,0.3475776889158457,0.0
20.538830280303955,-0.12916619594481626,0.3504155243863144,0.0
20.543989419937134,-0.12769740100952787,0.35320933441867475,0.0
20.548851251602173,-0.12621678067127684,0.35606219753382323,0.0
20.553476572036743,-0.12472454222573255,0.35882903733376154,0.0
20.558300733566284,-0.12322140000269441,0.36139596231110893,0.0
20.563735723495483,-0.1217079413500884,0.3638415763776168,0.0
20.56829810142517,-0.12018387554087134,0.36642066815442,0.0
20.573226928710938,-0.11864988079913688,0.36873822276261053,0.0
20.57838249206543,-0.11710656328382171,0.3709489903395422,0.0
20.58298659324646,-0.1155540864227171,0.37314305961411515,0.0
20.587918996810913,-0.11399330063396461,0.3750705523910394,0.0
20.592951774597168,-0.11242487589701657,0.37687251514962283,0.0
20.597949028015137,-0.11084921513790472,0.3785873860971434,0.0
20.602733850479126,-0.10926674783101821,0.380193854913115,0.0
20.60777235031128,-0.10767822868302589,0.3815949478424664,0.0
20.61255407333374,-0.10608416923962627,0.3829008086243023,0.0
20.616946935653687,-0.10448532614436713,0.3839962829537076,0.0
20.621368408203125,-0.10288310083834125,0.38471341812034143,0.0
20.626115560531616,-0.10127900195090807,0.38507390529344937,0.0
20.631047248840332,-0.09967403791900928,0.38523058094065227,0.0
20.63548994064331,-0.09806878443723493,0.38527097476976174,0.0
20.640164375305176,-0.09646437986227653,0.3849858464679772,0.0
20.644957780838013,-0.09486182182198837,0.38448998899344683,0.0
20.64929461479187,-0.09326179153646909,0.38384638654774167,0.0
20.6538827419281,-0.09166550014161319,0.38286446092591864,0.0
20.658612728118896,-0.09007395712004361,0.38167228035244866,0.0
20.663132429122925,-0.08848779737068553,0.3803470202162864,0.0
20.66803240776062,-0.0869078232232723,0.378809371014711,0.0
20.67325186729431,-0.08533434394398481,0.3772435606944351,0.0
20.67807412147522,-0.08376700251908324,0.37580138827209614,0.0
20.682682752609253,-0.08220581363584221,0.3743132961268846,0.0
20.687862873077393,-0.0806512280352864,0.37269626986272947,0.0
20.69252610206604,-0.07910294911392367,0.37121714621361374,0.0
20.6970374584198,-0.07756109958177645,0.3696527782464317,0.0
20.70190739631653,-0.07602620422603941,0.36794889077693993,0.0
20.706589221954346,-0.07449830058089353,0.36627950641950285,0.0
20.71090579032898,-0.07297747524229667,0.3645709071297609,0.0
20.715252161026,-0.07146435921389985,0.3626734517665942,0.0
20.71986222267151,-0.06995964151923227,0.3606184622486705,0.0
20.72455883026123,-0.06846355679198017,0.3585409072683602,0.0
20.72907328605652,-0.06697603611028137,0.35649293142466915,0.0
20.733946323394775,-0.06549717205486885,0.35440546701490416,0.0
20.738783836364746,-0.06402658643545699,0.35245219404977784,0.0
20.74312973022461,-0.06256374503738442,0.3506251389847349,0.0
20.747520923614502,-0.06110878281079232,0.348712817898125,0.0
20.75214982032776,-0.05966194601294952,0.346750118051802,0.0
20.756975412368774,-0.058223070254134354,0.3448568211818652,0.0
20.761351823806763,-0.05679156256942884,0.3431301431215486,0.0
20.7662353515625,-0.05536733838914832,0.34137497908890846,0.0
20.7711021900177,-0.05394977183537364,0.33982960198355977,0.0
20.7754328250885,-0.052538003391722876,0.3384893409903299,0.0
20.779922485351562,-0.05113192211089972,0.3371162004615027,0.0
20.784766912460327,-0.049731412424495774,0.335791005312888,0.0
20.78951144218445,-0.0483357573548602,0.33467926871400194,0.0
20.79385232925415,-0.04694420726321862,0.3337362617194669,0.0
20.798177242279053,-0.04555662285067168,0.3327815790417339,0.0
20.802865505218506,-0.04417305497180534,0.33181451476245943,0.0
20.8074848651886,-0.042793025467228726,0.3310045964360804,0.0
20.811991453170776,-0.0414159762229438,0.3303208912497968,0.0
20.816740036010742,-0.04004153883579405,0.3297130017639056,0.0
20.821507453918457,-0.03866905312586906,0.32929110307122034,0.0
20.82584810256958,-0.03729772806546206,0.32906033664228607,0.0
20.83024573326111,-0.03592738166117662,0.3288240882927496,0.0
20.834937572479248,-0.034557950759328125,0.32860987771447703,0.0
20.839744806289673,-0.03318892702751186,0.32855099385331055,0.0
20.844078302383423,-0.03181951503412915,0.3286948748585605,0.0
20.848571300506592,-0.03044956012554519,0.3288206463906288,0.0
20.85322594642639,-0.029078912749938745,0.3290003144146281,0.0
20.85793161392212,-0.02770712872800956,0.32930415771599375,0.0
20.862288236618042,-0.0263336366581731,0.329749458679241,0.0
20.867038011550903,-0.024958362162217435,0.33017140023735586,0.0
20.871801376342773,-0.023580852410440053,0.33074604231643007,0.0
20.876145124435425,-0.02220047811893747,0.3314711550736795,0.0
20.880481719970703,-0.02081723412755899,0.3321477525054406,0.0
20.885141134262085,-0.019431339887835585,0.33277029690668847,0.0
20.88977551460266,-0.018042569655140506,0.333483104404149,0.0
20.894097566604614,-0.01665060522295536,0.3342676494282397,0.0
20.89879322052002,-0.015255611778762517,0.33497541452451374,0.0
20.903719186782837,-0.013857385103729344,0.3357741313838289,0.0
20.90811777114868,-0.01245524421799053,0.33676044953626594,0.0
20.91250967979431,-0.011049193057272824,0.3376829617655177,0.0
20.917169332504272,-0.009639517484969327,0.33853526596160693,0.0
20.92196822166443,-0.008226138784409262,0.339436168263191,0.0
20.926294565200806,-0.006808678885613455,0.34044185655231063,0.0
20.930588245391846,-0.0053874020873111265,0.34132802891360925,0.0
20.935207843780518,-0.003962856967254841,0.34207849408207824,0.0
20.939871549606323,-0.0025351458477111486,0.34284145959434525,0.0
20.944225788116455,-0.001104169819651995,0.34363191001662563,0.0
20.948839902877808,0.0003297275404094711,0.3443032464953045,0.0
20.953786373138428,0.0017664192283518465,0.3449736525621219,0.0
20.958176851272583,0.0032063614457461713,0.34579036121086404,0.0
20.962604761123657,0.004649341040776093,0.34649007957285743,0.0
20.96737265586853,0.006094922570457943,0.34708945376245554,0.0
20.972203731536865,0.007543171063385281,0.34774309354743976,0.0
20.976492404937744,0.008994384019456325,0.34847384605621257,0.0
20.98092007637024,0.010448086954569587,0.3490270454025223,0.0
20.98581099510193,0.011903745976118856,0.3494685870376533,0.0
20.990473985671997,0.013361559426527081,0.3500108292264794,0.0
20.994805335998535,0.014821599948089612,0.3505427439565764,0.0
20.999162673950195,0.016283341359603194,0.35090971451378977,0.0
21.00382399559021,0.017746143214774503,0.3511267243996307,0.0
21.008514642715454,0.019209825753595616,0.35133620593038695,0.0
21.01284646987915,0.020674395366090226,0.351550242399096,0.0
21.017611980438232,0.02213935271015336,0.3516029616766146,0.0
21.022534132003784,0.02360466067525771,0.35169758946919677,0.0
21.02690315246582,0.025070710447477444,0.3519034312671514,0.0
21.03128409385681,0.026537157388999984,0.3519619028965323,0.0
21.035998344421387,0.028003417922203875,0.35188275357924603,0.0
21.040971755981445,0.029469410505038263,0.3518233934441743,0.0
21.045291662216187,0.03093558618549023,0.3519017790622538,0.0
21.049801349639893,0.032401565741851976,0.3518128809457311,0.0
21.05463194847107,0.033866942098349596,0.35164948513488503,0.0
21.059316873550415,0.03533187408003224,0.3515617545720917,0.0
21.06387734413147,0.03679646028576858,0.3514803499011038,0.0
21.068769216537476,0.038260548037612634,0.3513479763330883,0.0
21.073461294174194,0.03972440624603662,0.3513186526933311,0.0
21.077789545059204,0.04118816567299055,0.3512968173624072,0.0
21.082129955291748,0.042651333800284935,0.3511148703286509,0.0
21.086896419525146,0.044113279873431305,0.35078445307298206,0.0
21.09149479866028,0.04557401677285496,0.35050765942571455,0.0
21.09580421447754,0.04703352444497901,0.35020656954559715,0.0
21.100125789642334,0.048491293565723174,0.34975058704850603,0.0
21.104881763458252,0.049946719700429784,0.3491528170909218,0.0
21.10958981513977,0.051399860220342646,0.34862068058240137,0.0
21.114058017730713,0.052850920829465145,0.3481324902723095,0.0
21.118762731552124,0.05429974283608538,0.3475788634649478,0.0
21.123485326766968,0.055746408671342104,0.3470734334631882,0.0
21.12779974937439,0.05719114707282803,0.3466251344193633,0.0
21.132120609283447,0.05863361014541074,0.34604645426314745,0.0
21.1367449760437,0.06007328688383961,0.3453477134076184,0.0
21.141380786895752,0.06151013709079128,0.3446761383039318,0.0
21.145721197128296,0.06294429796395534,0.3440394116647458,0.0
21.150007724761963,0.06437549641993695,0.3433036743207264,0.0
21.154726266860962,0.06580326502461374,0.34245136060657944,0.0
21.159363269805908,0.06722776534176925,0.34168961827183847,0.0
21.163852214813232,0.0686492598321646,0.3409816707575131,0.0
21.16871690750122,0.07006776509415706,0.3402610992133974,0.0
21.173381328582764,0.07148378104542179,0.33970471971109223,0.0
21.177698850631714,0.07289769410551507,0.3392172581927312,0.0
21.18207049369812,0.07430929211851604,0.3386389247459542,0.0
21.186797618865967,0.0757182926065778,0.33800049084385414,0.0
21.19141721725464,0.07712497208435465,0.33747058501068505,0.0
21.195873975753784,0.07852962369389808,0.3369983056238595,0.0
21.20034146308899,0.07993225345746688,0.3365087401530161,0.0
21.205251216888428,0.08133281320699341,0.33600952337971457,0.0
21.209757328033447,0.08273190591963926,0.33570648846857915,0.0
21.214248418807983,0.08412975024477122,0.33540801616529214,0.0
21.219155073165894,0.08552634580536692,0.3351079019835308,0.0
21.22391629219055,0.08692228561287337,0.33499811002408886,0.0
21.228246212005615,0.08831813159461768,0.3350046897390289,0.0
21.232669591903687,0.08971373284062731,0.3349241757574816,0.0
21.23758840560913,0.09110886861265832,0.334802059438784,0.0
21.242111206054688,0.09250408072799282,0.3348672055606247,0.0
21.246485233306885,0.09389955525517919,0.33492946162491644,0.0
21.251173734664917,0.09529506216525836,0.33491906766268337,0.0
21.25592303276062,0.0966907550215526,0.3349820392444021,0.0
21.26026678085327,0.09808701379933876,0.335142149144444,0.0
21.264573574066162,0.09948364351385114,0.3352074731520076,0.0
21.269192934036255,0.1008802017871054,0.3351628305951466,0.0
21.273905754089355,0.10227668839734552,0.3351547812586973,0.0
21.278372049331665,0.10367338218347773,0.3352237650275659,0.0
21.282870292663574,0.10507023660827683,0.33525217222496545,0.0
21.287742376327515,0.10646712850603528,0.3352546927873901,0.0
21.292386770248413,0.10786448506004051,0.3354025510265147,0.0
21.296708345413208,0.10926256210701568,0.3355838244988378,0.0
21.301363229751587,0.11066102466367596,0.3356467559042135,0.0
21.30640482902527,0.11205986532651681,0.3357467747645587,0.0
21.310834646224976,0.11345978247055835,0.33605792149020014,0.0
21.315264225006104,0.11486074507920163,0.33628874963818683,0.0
21.320019960403442,0.11626241832313951,0.3364392052542395,0.0
21.3248028755188,0.11766493613720853,0.3366593197887113,0.0
21.329137086868286,0.11906861101484387,0.3369562130126835,0.0
21.333495140075684,0.12047310150954242,0.33711823784455053,0.0
21.338213682174683,0.12187788725084721,0.3371587010452931,0.0
21.342751026153564,0.12328298584074068,0.3372453274274021,0.0
21.347111463546753,0.1246883187824491,0.3372914419434718,0.0
21.351916790008545,0.12609346319797338,0.3372157346033789,0.0
21.356661081314087,0.1274985580492394,0.3372251147142464,0.0
21.360977172851562,0.12890385588508546,0.33728694602062004,0.0
21.36531352996826,0.13030895128860248,0.33720154826868126,0.0
21.369951725006104,0.1317132731781999,0.33698248157877897,0.0
21.37450623512268,0.13311671014179016,0.33677232784763916,0.0
21.378844261169434,0.1345191778835005,0.3365322261362746,0.0
21.383178234100342,0.13592024567070773,0.33616426682314665,0.0
21.38790249824524,0.13731939165343565,0.33567193495068004,0.0
21.392579555511475,0.13871667300733057,0.33523936776966207,0.0
21.397077560424805,0.1401122678883812,0.334843887584999,0.0
21.40184497833252,0.14150607388663597,0.3344032690052288,0.0
21.40662145614624,0.14289829529365228,0.3340430773002283,0.0
21.410938501358032,0.14428927259874638,0.3337650333054823,0.0
21.41533589363098,0.14567868463319386,0.33335682018994706,0.0
21.419951677322388,0.14706612088607032,0.33286063580618674,0.0
21.424539804458618,0.14845153988488147,0.33238051013490694,0.0
21.428858757019043,0.14983497129161477,0.33190452269207865,0.0
21.43315291404724,0.15121605307129724,0.3313112975173644,0.0
21.43788456916809,0.15259428111322254,0.3305958359054747,0.0
21.442489862442017,0.1539697900882957,0.32996422657147156,0.0
21.446854829788208,0.15534274711395732,0.3293581406250423,0.0
21.451658487319946,0.15671292083140612,0.32866950575541815,0.0
21.456432580947876,0.15808060694167322,0.32810302347467907,0.0
21.460792541503906,0.15944626374333265,0.32764247822910336,0.0
21.465197324752808,0.16080973680060698,0.32709719009002197,0.0
21.46985125541687,0.16217075123190455,0.32649218895148757,0.0
21.474508047103882,0.16352942393382985,0.32594450585226237,0.0
21.47882628440857,0.16488599599646372,0.32545486559181896,0.0
21.483118057250977,0.16624022741937697,0.3248690686729501,0.0
21.487780332565308,0.16759169690151862,0.3241805072908962,0.0
21.492530822753906,0.1689405192857449,0.3235629604646827,0.0
21.496846437454224,0.17028711288577678,0.3230556047342779,0.0
21.501598834991455,0.17163131415857444,0.32245917342663166,0.0
21.50648856163025,0.17297338408352306,0.3219759589702104,0.0
21.511188507080078,0.1743139780500602,0.3216647335033031,0.0
21.515491485595703,0.1756535250018739,0.321433435064865,0.0
21.52015209197998,0.17699178789173475,0.32109962876995585,0.0
21.524969577789307,0.17832885502020437,0.3208282573409547,0.0
21.529298305511475,0.17966519867297895,0.3206872095526237,0.0
21.533625602722168,0.1810006558904668,0.3204505606436933,0.0
21.538386344909668,0.18233483562890748,0.32012064492709674,0.0
21.542994260787964,0.1836679685604174,0.31989564445419355,0.0
21.547369241714478,0.18500026282794566,0.3197022738141904,0.0
21.552599668502808,0.1863315170068835,0.31943389800120436,0.0
21.557345390319824,0.18766262426240066,0.3194763585200979,0.0
21.561711311340332,0.18899415661186772,0.31959823940526694,0.0
21.56607151031494,0.19032589479098036,0.3196234723402417,0.0
21.570839643478394,0.19165743188889264,0.31955070972784116,0.0
21.575507640838623,0.19298893533474618,0.31956419998686736,0.0
21.579822301864624,0.19432060696044606,0.31961352265473836,0.0
21.5845365524292,0.1956520906097308,0.31953692211129653,0.0
21.589574575424194,0.19698342771498986,0.31951556450269275,0.0
21.594221115112305,0.19831528578452445,0.31968940305547056,0.0
21.598570108413696,0.199647898962995,0.31987309212382053,0.0
21.60326361656189,0.20098088198294517,0.3199302044795107,0.0
21.607914209365845,0.20231419241190204,0.320015939361707,0.0
21.612257480621338,0.2036478769844508,0.3201070871701836,0.0
21.616580486297607,0.20498152151594634,0.32006388380010015,0.0
21.62126851081848,0.2063145471218471,0.31988022079343836,0.0
21.625924587249756,0.2076468868026665,0.3197219470740028,0.0
21.630284070968628,0.20897859426403212,0.31957239512978325,0.0
21.63491177558899,0.21030928953274197,0.31929833712886196,0.0
21.639644622802734,0.21163883687131044,0.3190223519606943,0.0
21.644039154052734,0.212967371068561,0.3187901441264924,0.0
21.64847683906555,0.21429459898021003,0.31844952928958076,0.0
21.653125286102295,0.21562014005258992,0.3180232742351567,0.0
21.65779995918274,0.21694393837402842,0.31760767949398844,0.0
21.662126064300537,0.2182660732218309,0.31721390066006033,0.0
21.666446447372437,0.2195861531901811,0.31668759157024845,0.0
21.671152114868164,0.220903636427455,0.31603206694949326,0.0
21.675910711288452,0.22221853381402806,0.315423105488117,0.0
21.680323123931885,0.22353111015779434,0.3148833627063044,0.0
21.684924602508545,0.22484117363888095,0.3142591563491893,0.0
21.68975591659546,0.22614864542860744,0.31363788408281607,0.0
21.6943621635437,0.2274538556560615,0.3131212805554763,0.0
21.69869875907898,0.22875692209268247,0.31260746881038987,0.0
21.703269004821777,0.23005748975783974,0.3119791264038137,0.0
21.708011150360107,0.23135541795171913,0.31134394273225263,0.0
21.712342023849487,0.2326509172694272,0.31077843398463906,0.0
21.716676473617554,0.23394371259665273,0.31010165406945056,0.0
21.721518516540527,0.23523336364518133,0.309321072763897,0.0
21.72623062133789,0.2365201469420829,0.3086635925803517,0.0
21.730637550354004,0.23780438854761266,0.30806941477474475,0.0
21.73565936088562,0.23908593406145096,0.30740472104229855,0.0
21.74033522605896,0.24036533518446537,0.3069400910525026,0.0
21.7446186542511,0.24164293357183544,0.3065180945249875,0.0
21.748992919921875,0.24291837103484432,0.30596725753199616,0.0
21.7536940574646,0.2441912511686994,0.30533252021223295,0.0
21.758378267288208,0.24546167904413152,0.30475937985437196,0.0
21.762672662734985,0.24672988340091997,0.30423890341857757,0.0
21.76709294319153,0.24799555428316333,0.30360167773263075,0.0
21.772035598754883,0.24925839243208908,0.3029076087786922,0.0
21.776771783828735,0.2505188738333567,0.3023848146616035,0.0
21.781227111816406,0.25177741549809624,0.3019383675866506,0.0
21.78589415550232,0.25303394977743177,0.3014448175589955,0.0
21.790555238723755,0.25428856988741744,0.3009968023642386,0.0
21.794864654541016,0.2555414515341547,0.3005898345997221,0.0
21.79929804801941,0.25679229025367745,0.3000717482095797,0.0
21.80406427383423,0.25804080294560355,0.2995001121794574,0.0
21.808655977249146,0.25928721808028143,0.2990194438020537,0.0
21.812989234924316,0.26053167150185763,0.2985519190758773,0.0
21.817630767822266,0.26177387301964533,0.29798714661145453,0.0
21.822389602661133,0.26301384002334105,0.29746036152107547,0.0
21.82692265510559,0.2642518822988555,0.29702004784828095,0.0
21.83133602142334,0.2654880498302705,0.2965669003371525,0.0
21.836061239242554,0.2667221319480442,0.2960506140486196,0.0
21.840818166732788,0.2679542853899794,0.2956055367395551,0.0
21.845157146453857,0.26918483873549487,0.2952418689881135,0.0
21.84949231147766,0.27041356842073694,0.29477951545831516,0.0
21.854265213012695,0.27164006986850386,0.2942205926296711,0.0
21.858943700790405,0.2728645284898193,0.29375320026813767,0.0
21.863203048706055,0.2740871897373805,0.29333384046973504,0.0
21.867449045181274,0.2753076974518256,0.2927844902104888,0.0
21.872074127197266,0.27652550978462337,0.292105078631834,0.0
21.876993417739868,0.27774059960622804,0.2914603473330277,0.0
21.88148546218872,0.27895349336835185,0.2909725263130631,0.0
21.886287212371826,0.2801642685206337,0.2904571768938632,0.0
21.89102268218994,0.2813732163917034,0.2900442349544021,0.0
21.89535880088806,0.28258066256013475,0.28970134075660076,0.0
21.899677276611328,0.283786368878864,0.2892588822104754,0.0
21.904349088668823,0.28498990860813445,0.28871305492249394,0.0
21.909151792526245,0.2861913212129312,0.2882143197880174,0.0
21.91346049308777,0.28739096526717334,0.2878146333347676,0.0
21.918110847473145,0.28858860179522616,0.2873054486767997,0.0
21.9232497215271,0.28978422754995825,0.2868317311316384,0.0
21.92778515815735,0.29097861198293845,0.286592424931861,0.0
21.93213200569153,0.29217192191549196,0.2863283523569925,0.0
21.93683409690857,0.293363810079258,0.2859614057701923,0.0
21.9415283203125,0.29455431142048527,0.2856399401892632,0.0
21.945846796035767,0.2957435948990865,0.28535738112593606,0.0
21.950334072113037,0.29693133324792037,0.2849571205562911,0.0
21.955064296722412,0.29811726271578437,0.28451169679645644,0.0
21.959507942199707,0.2993015072982472,0.28412101057915834,0.0
21.963836908340454,0.3004839211123209,0.2836653905089907,0.0
21.968238353729248,0.30166409454686766,0.28310033751048613,0.0
21.972991228103638,0.3028416774318234,0.2824597093111465,0.0
21.97794485092163,0.3040168099102598,0.28188912520056714,0.0
21.982420206069946,0.30519002793100225,0.28146670014595493,0.0
21.986998558044434,0.30636132505848035,0.280992820390652,0.0
21.991637229919434,0.307530620885074,0.2805103636930471,0.0
21.99595546722412,0.30869795454294197,0.28004328933291855,0.0
22.000277996063232,0.3098629848401784,0.279461900384116,0.0
22.004918575286865,0.31102525571186823,0.2787726758653514,0.0
22.009613275527954,0.3121847309544913,0.27810781725817524,0.0
22.013991117477417,0.31334157818299124,0.2774884743741788,0.0
22.01886558532715,0.31449558810524847,0.27678698052840867,0.0
22.023510217666626,0.3156470479061296,0.2762047782656904,0.0
22.027839422225952,0.31679615442489983,0.2756457965006678,0.0
22.032248973846436,0.31794261084626274,0.2749840882443667,0.0
22.037320852279663,0.3190861032428775,0.27425616701921723,0.0
22.042151927947998,0.3202271832829367,0.27372686194824136,0.0
22.04659938812256,0.3213663551704814,0.2732926922888385,0.0
22.051482677459717,0.3225035287326596,0.27279794886540226,0.0
22.056312084197998,0.3236389911393011,0.27241529837055695,0.0
22.060750484466553,0.3247731242572326,0.2721174797550829,0.0
22.065173387527466,0.32590578691387684,0.2717462019351373,0.0
22.06986689567566,0.32703665876433347,0.27129689998792855,0.0
22.074510097503662,0.3281657504431055,0.2708770136438083,0.0
22.078818321228027,0.32929311554059615,0.2704644700970535,0.0
22.083109140396118,0.33041837381905576,0.2699277974160418,0.0
22.087833642959595,0.3315410016183997,0.26926492985780737,0.0
22.092467308044434,0.3326610137944893,0.26864888831600353,0.0
22.09681487083435,0.33377848985913905,0.26804268034385054,0.0
22.101614236831665,0.33489312544637134,0.26733579288466897,0.0
22.106584548950195,0.33600505783568096,0.26670640199022627,0.0
22.111002922058105,0.3371148042491213,0.2662166924476992,0.0
22.115345239639282,0.3382222663094478,0.26564893288042135,0.0
22.12003779411316,0.33932703716325935,0.2649769958851679,0.0
22.124776363372803,0.3404291138495698,0.26433884276187763,0.0
22.129109144210815,0.341528687337369,0.2637505390498505,0.0
22.133463859558105,0.3426254772316807,0.2630558862415569,0.0
22.13812780380249,0.3437190816600535,0.26226808452281425,0.0
22.1428120136261,0.3448094927421729,0.2615088155846069,0.0
22.147215843200684,0.34589685197917136,0.26078531635150726,0.0
22.15180253982544,0.3469809762234999,0.25999128249425457,0.0
22.15650177001953,0.3480617984983418,0.25919933045947113,0.0
22.16080594062805,0.3491394619524958,0.258452493766018,0.0
22.16515350341797,0.3502136899136332,0.25760207771959914,0.0
22.169928312301636,0.35128411954657185,0.2566700817652055,0.0
22.1745707988739,0.35235092426878445,0.2558207790286484,0.0
22.178895711898804,0.3534142885750047,0.25500294820736863,0.0
22.183206796646118,0.3544739758685848,0.25409891134474405,0.0
22.18784213066101,0.355529628070639,0.253109024644986,0.0
22.192498445510864,0.3565812796600425,0.25215879255442225,0.0
22.196848392486572,0.3576291211518289,0.251256307351591,0.0
22.201560020446777,0.3586729994944023,0.25028892579488404,0.0
22.206613779067993,0.35971307340653647,0.24939397147938047,0.0
22.21102285385132,0.3607500303199196,0.24869485739870614,0.0
22.21537947654724,0.3617839274117741,0.247948750946424,0.0
22.2201189994812,0.36281451770952067,0.24713927681682402,0.0
22.225098609924316,0.36384198267268597,0.24640899751083903,0.0
22.22942042350769,0.36486691428098234,0.24584175643798836,0.0
22.233765602111816,0.3658892267408922,0.24519270645401312,0.0
22.23848819732666,0.36690861628819554,0.24447372201996845,0.0
22.243224382400513,0.36792522545160655,0.24382366325905577,0.0
22.247727394104004,0.36893934695446984,0.24324430077626327,0.0
22.252479791641235,0.36995100377157314,0.24264872168304283,0.0
22.25725769996643,0.3709604064702184,0.24212593281836298,0.0
22.26155161857605,0.3719678734967078,0.24168078350201347,0.0
22.265877723693848,0.3729731770617259,0.2411368555298577,0.0
22.270785808563232,0.3739759517293171,0.24050891482765432,0.0
22.27535605430603,0.37497649886311485,0.24000542202870973,0.0
22.279749155044556,0.37597494497637923,0.23950092643390458,0.0
22.284567832946777,0.3769710880631236,0.23893212100037653,0.0
22.28938865661621,0.37796513149381755,0.23844983595095184,0.0
22.29404902458191,0.37895742168303853,0.23804956324955734,0.0
22.298404693603516,0.37994810831845155,0.23766985101940724,0.0
22.303123474121094,0.38093693712892673,0.2372019148226385,0.0
22.307833433151245,0.38192394011274844,0.23677363044104935,0.0
22.312171697616577,0.38290926151587,0.23637828725094695,0.0
22.316513538360596,0.38389262773014327,0.23588440461208188,0.0
22.321234226226807,0.3848736409149788,0.23529605964299505,0.0
22.32595419883728,0.3858523229443468,0.2347462062721421,0.0
22.330350637435913,0.3868288245189704,0.23423174648113165,0.0
22.335091590881348,0.38780293983134895,0.23363962666503243,0.0
22.339972734451294,0.38877471855622053,0.23308929341855875,0.0
22.344472885131836,0.38974447340043294,0.2326250989499012,0.0
22.348892211914062,0.3907121440377194,0.232112882717348,0.0
22.35377788543701,0.39167744739993204,0.23152609108364378,0.0
22.358449459075928,0.39264056867090175,0.23102342193503084,0.0
22.36276364326477,0.39360161785487807,0.23052791079099214,0.0
22.36710262298584,0.39456024622823166,0.22991841817130726,0.0
22.371740341186523,0.3955160176884591,0.2292073670215362,0.0
22.376445531845093,0.3964688320526673,0.22849811353916002,0.0
22.380874633789062,0.3974187655059501,0.2278126407634675,0.0
22.385671377182007,0.3983656282946286,0.22705851696690704,0.0
22.390320777893066,0.39930952152627003,0.22635963520565155,0.0
22.394626140594482,0.4002505157699669,0.2256649199130997,0.0
22.399006843566895,0.40118827568027876,0.22486150172349986,0.0
22.403789043426514,0.40212244139998266,0.22397916449682717,0.0
22.4084575176239,0.4030531052038983,0.22315266576856907,0.0
22.412785291671753,0.4039803785527121,0.22234322040531218,0.0
22.41717505455017,0.4049039880898067,0.22144061307916163,0.0
22.421881198883057,0.40582362434683805,0.22047003068185925,0.0
22.42660617828369,0.40673933530602296,0.2195374642014571,0.0
22.430959224700928,0.40765129670327677,0.21864846139054978,0.0
22.43580174446106,0.40855931685377794,0.2176835946014939,0.0
22.440511465072632,0.40946358042261394,0.21680311346158881,0.0
22.444833993911743,0.4103642985007106,0.21596205149046227,0.0
22.449177265167236,0.41126125023539495,0.21503717327163732,0.0
22.453821659088135,0.41215412239686766,0.21404000064298875,0.0
22.45847463607788,0.4130429241018416,0.21306984644351626,0.0
22.462773084640503,0.4139277771692208,0.21212966822299417,0.0
22.46711230278015,0.4148084616483589,0.21110911058542906,0.0
22.47178888320923,0.4156846994711947,0.21002636486866827,0.0
22.476502895355225,0.4165565735178653,0.20899087332528957,0.0
22.480942487716675,0.4174243161454563,0.20801398495885096,0.0
22.48572015762329,0.41828790487702944,0.20701036712798934,0.0
22.49046564102173,0.41914756081580545,0.20608641516693726,0.0
22.49479579925537,0.4200035775035567,0.2052298409018829,0.0
22.499125242233276,0.4208558341400011,0.20431214768919415,0.0
22.503905773162842,0.42170408777984364,0.20333708509415435,0.0
22.508492708206177,0.42254853762390604,0.20244489379811537,0.0
22.51282048225403,0.42338933823414165,0.20157453684247198,0.0
22.51752233505249,0.42422633751363703,0.2006482286173907,0.0
22.52252769470215,0.425059662923541,0.1997813615549983,0.0
22.52705478668213,0.425889837711611,0.19906212242515742,0.0
22.53139567375183,0.4267170121741406,0.19834176471873619,0.0
22.53614115715027,0.4275410092828947,0.19756512935041726,0.0
22.541099309921265,0.42836197455782044,0.19685382286606742,0.0
22.545422554016113,0.42918036391052855,0.19626663334770098,0.0
22.549766778945923,0.4299960938822123,0.19561135953694303,0.0
22.55460548400879,0.430808907187413,0.19489644939017525,0.0
22.559206247329712,0.43161900993248675,0.19426737591022655,0.0
22.563558340072632,0.4324265295886593,0.1936504790374665,0.0
22.568336486816406,0.43323128840979347,0.1929726426164676,0.0
22.57318687438965,0.4340334199318458,0.19235785413104958,0.0
22.57747769355774,0.4348332380595751,0.19182249959353664,0.0
22.5818452835083,0.435630560402021,0.1912022976995955,0.0
22.58670401573181,0.43642510993179595,0.19052173015034668,0.0
22.591435432434082,0.4372170735703295,0.18992110295448764,0.0
22.595730781555176,0.43800665667303146,0.18935954163717494,0.0
22.600121021270752,0.4387936305643109,0.1887117789783003,0.0
22.605168104171753,0.4395777278645628,0.1880071893965235,0.0
22.609872817993164,0.4403592863901994,0.18742964802057546,0.0
22.614299774169922,0.44113851645273505,0.18687705432725069,0.0
22.619125843048096,0.44191527426498894,0.18627013085446192,0.0
22.623903036117554,0.4426896778433949,0.18571908532404932,0.0
22.628222942352295,0.44346190409015857,0.18520602205825373,0.0
22.632534980773926,0.4442317114855979,0.18460300857129552,0.0
22.637123346328735,0.4449987270815779,0.18391063513006045,0.0
22.641870260238647,0.44576282099477665,0.1832064876032437,0.0
22.64617371559143,0.44652407571735964,0.1825326632929807,0.0
22.65077543258667,0.4472822403956461,0.18176845512950668,0.0
22.655697107315063,0.44803719772593903,0.18099683976579217,0.0
22.66004228591919,0.4487891805405284,0.18030220183030812,0.0
22.66447114944458,0.44953802129268355,0.17952828603605533,0.0
22.669212818145752,0.4502834686244885,0.17870036228886074,0.0
22.673944234848022,0.4510255600870156,0.1779024595437248,0.0
22.678232192993164,0.45176440693454956,0.1771301510537786,0.0
22.68260622024536,0.4524997527106308,0.1762672423427119,0.0
22.687268018722534,0.45323130322551547,0.17534039364015794,0.0
22.69204616546631,0.45395903372985447,0.17442694029435812,0.0
22.69646954536438,0.45468309213040625,0.173556352667732,0.0
22.70104956626892,0.4554033702351455,0.1726368528934964,0.0
22.706109046936035,0.4561197968555498,0.17171087782837896,0.0
22.710804224014282,0.456832723724107,0.17089961835012088,0.0
22.715235233306885,0.4575423261402374,0.1701062139236458,0.0
22.719897031784058,0.45824846945977515,0.16926377016474037,0.0
22.724587202072144,0.4589511349843731,0.16843169072755618,0.0
22.72891116142273,0.459650385654769,0.1676162976896553,0.0
22.7332661151886,0.46034600751991644,0.16672687616048934,0.0
22.737971544265747,0.46103772794754116,0.16577488874443508,0.0
22.74256443977356,0.4617255636165286,0.16484909584108534,0.0
22.746888160705566,0.4624095364632549,0.1639215904528741,0.0
22.75177836418152,0.46308943951090004,0.1629284219167838,0.0
22.75654101371765,0.4637654350777001,0.1620090859767712,0.0
22.760916471481323,0.46443772609813005,0.16113007745537067,0.0
22.76525592803955,0.46510618915548735,0.16019813110069364,0.0
22.77023434638977,0.46577058724809717,0.1592079900584148,0.0
22.77497959136963,0.46643115672485425,0.15831288216477304,0.0
22.77936863899231,0.46708811013489254,0.1574541110057181,0.0
22.783787488937378,0.4677413359638587,0.15654754122637335,0.0
22.78876042366028,0.4683906650905752,0.1556027857588453,0.0
22.7936110496521,0.46903634229888164,0.15474909238618012,0.0
22.798006772994995,0.46967864551259675,0.1539539799021355,0.0
22.8027982711792,0.4703174867451135,0.15311118252971487,0.0
22.807490825653076,0.47095295235825635,0.15231191779112727,0.0
22.81181764602661,0.4715851462029606,0.15153137395333566,0.0
22.816514015197754,0.472213887402261,0.15068670749363705,0.0
22.821434497833252,0.47283917358607724,0.14986265855031694,0.0
22.82576870918274,0.4734612400813379,0.14910704267682764,0.0
22.830190896987915,0.4740799584235036,0.14828750444973504,0.0
22.8349871635437,0.4746951309119622,0.1474260099339613,0.0
22.83965253829956,0.4753068414399213,0.14660534833253663,0.0
22.843974113464355,0.47591516453142096,0.14579492283440862,0.0
22.848259687423706,0.47651991055702486,0.1449204024130784,0.0
22.852869749069214,0.47712079880144365,0.14397741800495686,0.0
22.85750102996826,0.4777177702646631,0.14303837635362604,0.0
22.86181378364563,0.47831085603294443,0.14210796814256432,0.0
22.866464614868164,0.47889988464140965,0.14111981207057053,0.0
22.87139320373535,0.47948484604002073,0.14014769070806612,0.0
22.87586760520935,0.4800659850454301,0.13924856685551404,0.0
22.880237340927124,0.4806433044175265,0.1383259918059003,0.0
22.884807348251343,0.481216644880699,0.1373602652586816,0.0
22.889586687088013,0.48178596197060447,0.13639469478199695,0.0
22.8939311504364,0.48235138942800354,0.1354718701232351,0.0
22.898326635360718,0.48291282877734365,0.13450328301634004,0.0
22.903021335601807,0.4834701304974669,0.13350210354463604,0.0
22.90760850906372,0.48402335083705406,0.13252978891641573,0.0
22.911900520324707,0.4845725418961882,0.13156452429007384,0.0
22.916539430618286,0.4851175550541265,0.1305493499800101,0.0
22.921624183654785,0.48565840274640304,0.1295547928989462,0.0
22.925999402999878,0.48619543667936066,0.12866591097239363,0.0
22.930479049682617,0.4867286586623456,0.1277423804261795,0.0
22.93520426750183,0.48725799274552967,0.12680609587581004,0.0
22.93993306159973,0.48778353304293753,0.12590417999223957,0.0
22.944270133972168,0.48830541959232027,0.12503561993928788,0.0
22.948551416397095,0.4888235595389906,0.12412622645402815,0.0
22.953245162963867,0.4893377583388305,0.12316818986676632,0.0
22.95794939994812,0.4898480580469508,0.12223982666666595,0.0
22.96226668357849,0.490354584339883,0.12134178883070477,0.0
22.966957807540894,0.4908572419785693,0.12040316480167358,0.0
22.971821069717407,0.4913560781574549,0.11949317293175843,0.0
22.97639775276184,0.49185130298298263,0.11864087156288573,0.0
22.980790615081787,0.49234298925300823,0.117792634408044,0.0
22.985647201538086,0.4928310524645588,0.11691600100852846,0.0
22.9903347492218,0.49331562911432875,0.11609251335660745,0.0
22.9946231842041,0.49379683949920805,0.11528980490064503,0.0
22.99900531768799,0.4942745527425359,0.11443828833762203,0.0
23.003756046295166,0.4947486223603183,0.11355616658067082,0.0
23.00828266143799,0.49521911858921636,0.11270672334890573,0.0
23.012650966644287,0.49568605472637833,0.11185064170165371,0.0
23.017391443252563,0.49614932200996875,0.11096196864355623,0.0
23.022312879562378,0.4966089800313448,0.11010322965964056,0.0
23.026602506637573,0.49706523879872166,0.10930171572046261,0.0
23.030944347381592,0.49751800771726423,0.10845213468688052,0.0
23.03577208518982,0.4979671197409045,0.10756512145865915,0.0
23.040480613708496,0.4984126647327512,0.10671934310432522,0.0
23.044795751571655,0.49885474756145715,0.10589337740641398,0.0
23.049492835998535,0.4992932549273925,0.10502455059724963,0.0
23.054388761520386,0.49972819837296156,0.1041737053752854,0.0
23.058874368667603,0.5001597427669412,0.10336962475345755,0.0
23.063279390335083,0.500587878684407,0.10254693890963533,0.0
23.068032026290894,0.5010124922088033,0.10169400132782049,0.0
23.07286500930786,0.5014336221364813,0.1008635633257515,0.0
23.07721519470215,0.5018513928357543,0.10006542347249309,0.0
23.081602334976196,0.5022657110290453,0.09922666760127617,0.0
23.08639144897461,0.5026764295467492,0.09835435624590849,0.0
23.091146230697632,0.5030835925507253,0.09750736276312535,0.0
23.095480918884277,0.5034872838359187,0.096678744259557,0.0
23.099854707717896,0.5038873908752098,0.0958079911526538,0.0
23.104617834091187,0.5042837614385666,0.0949025694247375,0.0
23.109106302261353,0.5046764236246726,0.09401769632818778,0.0
23.113460540771484,0.5050653417952025,0.09311456883172374,0.0
23.118170738220215,0.5054503863814196,0.09217606388426856,0.0
23.12294054031372,0.5058315645941709,0.09125165964022522,0.0
23.127285957336426,0.506208956812222,0.09034827646665987,0.0
23.131651639938354,0.5065824735791493,0.08940925936661138,0.0
23.136373043060303,0.5069519815120934,0.08843943780487314,0.0
23.141167879104614,0.5073175005616958,0.08748626930717164,0.0
23.145485877990723,0.5076791262869489,0.08655812878468755,0.0
23.149792194366455,0.5080367727021574,0.08559412928622322,0.0
23.154634952545166,0.5083902936150813,0.08459530128423222,0.0
23.159263610839844,0.508739756334156,0.08362962247304918,0.0
23.163646697998047,0.5090852129168735,0.08266955192486378,0.0
23.16866445541382,0.5094265952146052,0.08168580397267702,0.0
23.173373460769653,0.5097640433717244,0.0807547957833158,0.0
23.17771601676941,0.5100976547729135,0.07983737020407142,0.0
23.182080030441284,0.5104273518980396,0.07889061003472615,0.0
23.18673801422119,0.5107530263319543,0.07791893528162432,0.0
23.19134211540222,0.5110746829277134,0.07695711885975842,0.0
23.195636749267578,0.5113923429928758,0.07599883465549441,0.0
23.200000047683716,0.5117059159534931,0.07501038891175306,0.0
23.20467495918274,0.5120153068453198,0.07400160859697831,0.0
23.209216117858887,0.5123205405556798,0.07300757090302858,0.0
23.213568210601807,0.5126216334478353,0.07201385504479002,0.0
23.21856164932251,0.5129185275336057,0.07100147542998228,0.0
23.22325301170349,0.5132113554153293,0.07003775073423994,0.0
23.22753930091858,0.5135002158106141,0.06908939690670698,0.0
23.231961011886597,0.5137850449471913,0.0681155117754867,0.0
23.236756324768066,0.5140657844817974,0.06713146744483117,0.0
23.24140429496765,0.5143425081716229,0.06617441231278968,0.0
23.245741367340088,0.5146152800085445,0.06522883797025847,0.0
23.251163244247437,0.5148840554315977,0.06426517679473404,0.0
23.25613808631897,0.5151490751840241,0.06338458373894869,0.0
23.260761260986328,0.5154105396393778,0.06254042022030336,0.0
23.265233039855957,0.5156684929302938,0.061698235508595246,0.0
23.269912242889404,0.5159228993495363,0.06084396469481298,0.0
23.274510860443115,0.5161737647739458,0.05999560340618193,0.0
23.278924226760864,0.516421088986673,0.059145202780392224,0.0
23.283395528793335,0.5166648137102267,0.05827683293218383,0.0
23.288024187088013,0.5169048810482975,0.05739592607804044,0.0
23.29261064529419,0.5171412793962423,0.056515484908017805,0.0
23.297138929367065,0.5173739985448816,0.05563162152256878,0.0
23.301949739456177,0.5176030093766251,0.05473958118646347,0.0
23.306588649749756,0.5178283450263865,0.05386086994583742,0.0
23.31092143058777,0.5180500160353639,0.052981088673055544,0.0
23.31528067588806,0.5182679466857302,0.052077434086848284,0.0
23.319922924041748,0.5184820478272167,0.051153209230442157,0.0
23.324556827545166,0.5186922997936627,0.05022954822497423,0.0
23.328884840011597,0.5188987021200465,0.049305550450671025,0.0
23.333240270614624,0.5191011885583492,0.048360465310518456,0.0
23.337921380996704,0.5192996818775723,0.047397695417538174,0.0
23.342451810836792,0.5194941784411151,0.0464396570063951,0.0
23.346843957901,0.5196846672688813,0.045476527683207306,0.0
23.351646661758423,0.5198711022351644,0.04450033500853359,0.0
23.35631275177002,0.5200535097597301,0.043536951423127544,0.0
23.360628366470337,0.5202319150716257,0.042577371326014635,0.0
23.365015745162964,0.5204062708520215,0.041601381131453695,0.0
23.369744300842285,0.5205765263478233,0.04061462004856202,0.0
23.37438130378723,0.5207426983502897,0.03963682269985544,0.0
23.378718376159668,0.5209048074122169,0.038662614269359845,0.0
23.383044481277466,0.5210628203144151,0.037676579210284646,0.0
23.38788080215454,0.5212166906876293,0.036679648211593946,0.0
23.392563104629517,0.5213664548883389,0.035697983572070414,0.0
23.396955728530884,0.5215121505153866,0.034723261676812486,0.0
23.401883602142334,0.5216537643872268,0.033742007282111096,0.0
23.406518936157227,0.5217913458022424,0.03277870615171359,0.0
23.410860776901245,0.521924925809015,0.03181935598298363,0.0
23.415252923965454,0.5220544827828197,0.030851768775588116,0.0
23.41998028755188,0.5221799922671674,0.029879101207995366,0.0
23.42463779449463,0.5223014757413227,0.02891500061313986,0.0
23.42896795272827,0.5224189588784374,0.027956259731703643,0.0
23.43351435661316,0.5225324271606206,0.02699108642131143,0.0
23.438202142715454,0.5226418799231892,0.02602784464919279,0.0
23.442965984344482,0.5227473397785471,0.025071195051533345,0.0
23.447405099868774,0.522848839789604,0.02412292821209706,0.0
23.452069520950317,0.5229463827033395,0.02317274603896625,0.0
23.456615686416626,0.5230399815212416,0.022227362860226876,0.0
23.460948944091797,0.5231296451663863,0.021283235361559145,0.0
23.465332984924316,0.5232153625676222,0.020335146477708132,0.0
23.470267057418823,0.5232971236420334,0.019385151545047264,0.0
23.475093603134155,0.523374959840513,0.018445856383626124,0.0
23.479705810546875,0.5234489040261602,0.017513510781808343,0.0
23.484615802764893,0.5235189691403723,0.016582989851670386,0.0
23.489367485046387,0.523585177699425,0.015659065956153066,0.0
23.49371027946472,0.5236475449920392,0.014737835397680353,0.0
23.498042106628418,0.5237060618067559,0.013812759324101472,0.0
23.50274682044983,0.5237607137983313,0.01288437461708167,0.0
23.507402420043945,0.523811502404806,0.011957553012104747,0.0
23.511744737625122,0.52385843079938,0.011031225785909987,0.0
23.516042232513428,0.5239014917996571,0.010102435369398371,0.0
23.52088475227356,0.5239406762100189,0.009171523422329316,0.0
23.525503158569336,0.5239759866459425,0.008242155642679161,0.0
23.52985954284668,0.5240074238126825,0.007312498803258486,0.0
23.534605741500854,0.5240349838992014,0.0063817187767242125,0.0
23.53955912590027,0.5240586649955329,0.0054507019658941785,0.0
23.54387092590332,0.5240784636389425,0.004518656000307391,0.0
23.54820203781128,0.5240943763992557,0.003585855433516018,0.0
23.55278968811035,0.5241064020689133,0.002652919987875717,0.0
23.55738615989685,0.5241145378997064,0.0017191500682667493,0.0
23.561723947525024,0.5241187799263797,0.0007843894237028375,0.0
23.566010236740112,0.5241191302274736,-0.00014937582643275463,0.0
23.57079768180847,0.5241155962027658,-0.0010811049336952965,0.0
23.575493812561035,0.5241081712125947,-0.0020156374914607083,0.0
23.579847812652588,0.5240968452240116,-0.0029524461035898347,0.0
23.584636688232422,0.5240816226733689,-0.00388707635458627,0.0
23.589476108551025,0.5240624930917251,-0.004825782847329919,0.0
23.593836784362793,0.5240394351055366,-0.005769970139384492,0.0
23.598194122314453,0.5240124518323235,-0.0067113328119298345,0.0
23.602845430374146,0.523981556722509,-0.007649332883958821,0.0
23.60752534866333,0.5239467454727429,-0.008589830950222706,0.0
23.611883878707886,0.5239080050971952,-0.00953365182433227,0.0
23.616255283355713,0.5238653457114767,-0.010473128028322141,0.0
23.620945930480957,0.5238187856420871,-0.0114081879756213,0.0
23.625567197799683,0.52376831707909,-0.012347219265469531,0.0
23.629924297332764,0.5237139290097003,-0.013288450848656786,0.0
23.634754180908203,0.5236556370689711,-0.014223945710938195,0.0
23.639487743377686,0.5235934191934765,-0.015168413243244545,0.0
23.64382004737854,0.5235272467607766,-0.016119049039358686,0.0
23.64812922477722,0.5234571372544302,-0.017062033884045324,0.0
23.652740716934204,0.5233831263430242,-0.017996155088247378,0.0
23.657363176345825,0.5233052163592004,-0.018932484492625763,0.0
23.66170358657837,0.5232233965134141,-0.01987153048831994,0.0
23.666017770767212,0.5231376911679667,-0.020801874916812426,0.0
23.67075228691101,0.5230481407220148,-0.02172219212723829,0.0
23.67533588409424,0.522954730256891,-0.0226506258746893,0.0
23.679643154144287,0.5228574464403372,-0.02358062037467576,0.0
23.68430995941162,0.5227563228121261,-0.024499361786792927,0.0
23.68923306465149,0.5226513527302298,-0.025423979823609673,0.0
23.69378399848938,0.5225424714315052,-0.026367363298175878,0.0
23.698177576065063,0.5224296593703144,-0.02731074607078231,0.0
23.702935218811035,0.5223129426654681,-0.02824577098812068,0.0
23.7076518535614,0.5221922950064406,-0.02919200138778074,0.0
23.712002754211426,0.5220676766468845,-0.03014721543735886,0.0
23.716293811798096,0.521939115624048,-0.031090462844944055,0.0
23.720879077911377,0.5218066732672083,-0.03201807373653216,0.0
23.725479125976562,0.521670359819996,-0.03294761898165068,0.0
23.72980499267578,0.5215301642737218,-0.03388004222954731,0.0
23.734617710113525,0.5213861285452003,-0.0347980926248723,0.0
23.739481687545776,0.5212382143901119,-0.035733172402614456,0.0
23.743852376937866,0.5210863400854747,-0.03668872709732705,0.0
23.748176336288452,0.5209305247591182,-0.03763133565068578,0.0
23.752750635147095,0.5207708326703145,-0.038557696593616686,0.0
23.757420778274536,0.5206072763271641,-0.03948547095225825,0.0
23.761743545532227,0.5204398282310814,-0.04042157377150239,0.0
23.76605463027954,0.520268533509769,-0.04134045937751698,0.0
23.77088737487793,0.5200934662414844,-0.04224137900903311,0.0
23.775617361068726,0.5199145761754976,-0.0431643678331505,0.0
23.779991149902344,0.5197317964432098,-0.04410139814763591,0.0
23.784833908081055,0.5195451572471198,-0.0450240829543423,0.0
23.78978180885315,0.5193545995588971,-0.045970438941729856,0.0
23.794141054153442,0.5191599983787218,-0.04694890453408239,0.0
23.79856014251709,0.5189613760168436,-0.04790952728023123,0.0
23.803199529647827,0.5187587910606359,-0.04885734972071937,0.0
23.80790066719055,0.5185522370987187,-0.049811490708185004,0.0
23.81220006942749,0.5183416713993506,-0.05077719970551317,0.0
23.81652331352234,0.5181271596335948,-0.05171803770347535,0.0
23.821219205856323,0.5179087980386814,-0.05263637014115848,0.0
23.82593607902527,0.5176865714378113,-0.05356706124979384,0.0
23.830548524856567,0.5174604225686695,-0.05451195675187185,0.0
23.835534811019897,0.5172303243013042,-0.05546079896853349,0.0
23.840275287628174,0.5169961469919074,-0.05644981187223105,0.0
23.84459638595581,0.5167578018510611,-0.05745384698608083,0.0
23.84891128540039,0.5165153599574859,-0.0584301292224506,0.0
23.8536958694458,0.5162689386291547,-0.059378120667784993,0.0
23.858446836471558,0.5160185032559559,-0.060346617930841846,0.0
23.862881183624268,0.5157639809761827,-0.06133159563719925,0.0
23.867473363876343,0.5155054101104026,-0.0622988170609683,0.0
23.872496604919434,0.5152428113259581,-0.06326534380529919,0.0
23.877045154571533,0.5149760408142317,-0.0642781211568032,0.0
23.88136076927185,0.5147050741110148,-0.06528330984613856,0.0
23.88605260848999,0.5144300256442769,-0.06625441097946232,0.0
23.89087200164795,0.5141509025802847,-0.0672345816910478,0.0
23.895210027694702,0.5138676224562815,-0.06823811737438931,0.0
23.899500131607056,0.5135802662374196,-0.06920795554401367,0.0
23.904154300689697,0.5132889907898616,-0.07013882902169916,0.0
23.908860445022583,0.5129938199629336,-0.07107505920775864,0.0
23.913227319717407,0.51269471199119,-0.07202286880061609,0.0
23.917779684066772,0.5123917495489253,-0.07294036257769634,0.0
23.922734022140503,0.5120849848297506,-0.07385125980875056,0.0
23.927091598510742,0.5117742865760364,-0.07480635861065961,0.0
23.931447744369507,0.5114597107518282,-0.07572881463216188,0.0
23.936119079589844,0.511141391673068,-0.07661917048772617,0.0
23.941036701202393,0.5108193321515581,-0.0775193268511596,0.0
23.945378065109253,0.5104933900164889,-0.07846171120586527,0.0
23.949697494506836,0.5101636318135077,-0.07936872454253022,0.0
23.954333782196045,0.5098302113498784,-0.08023830988992361,0.0
23.959030389785767,0.5094931463419733,-0.0811147022266795,0.0
23.96342158317566,0.5091523819175726,-0.08200638471784569,0.0
23.96837878227234,0.5088079872280566,-0.08287084183397903,0.0
23.973394870758057,0.508459824396082,-0.08378849522459281,0.0
23.9777569770813,0.5081076489879024,-0.08476663534566713,0.0
23.98212957382202,0.5077515074779155,-0.0857097409455575,0.0
23.987146854400635,0.5073915390860944,-0.08661997434474863,0.0
23.99202537536621,0.507027583354845,-0.08759251202285133,0.0
23.996464490890503,0.5066594501574557,-0.08860512203897217,0.0
24.00117802619934,0.5062871825190882,-0.08959060624403534,0.0
24.005992889404297,0.5059107634100237,-0.09059058208618578,0.0
24.010329008102417,0.5055300868171315,-0.09161965164373777,0.0
24.014661073684692,0.5051452661587144,-0.0926027291085209,0.0
24.019364595413208,0.5047564928334253,-0.09353988971194692,0.0
24.02413821220398,0.5043637730388346,-0.09449037296955995,0.0
24.028489589691162,0.5039670181285935,-0.09546478221342894,0.0
24.032811164855957,0.5035663420622575,-0.09639474878893674,0.0
24.037657737731934,0.5031619417387827,-0.09727652191582359,0.0
24.04231595993042,0.5027537466842127,-0.09819691153952904,0.0
24.04667329788208,0.5023416954961096,-0.09912407764609735,0.0
24.051665782928467,0.5019259162672276,-0.1000079950534732,0.0
24.056328296661377,0.5015062535816236,-0.10095606220054232,0.0
24.06066870689392,0.5010826195313205,-0.10191087642994667,0.0
24.065008640289307,0.5006551584379708,-0.10281725850503812,0.0
24.069834232330322,0.5002240682204719,-0.1036764505993556,0.0
24.074594259262085,0.49978927822945496,-0.10457398078667866,0.0
24.079038619995117,0.49935066712469206,-0.10549756043143821,0.0
24.083959102630615,0.49890830211833465,-0.10639094884452734,0.0
24.088887929916382,0.49846204237384195,-0.10733946897306698,0.0
24.093518257141113,0.49801165870229097,-0.10834295230301796,0.0
24.09792733192444,0.49755709674953724,-0.10934550770687337,0.0
24.10276198387146,0.4970984879249608,-0.1103063212960289,0.0
24.107840538024902,0.49663576001272824,-0.11130415812690828,0.0
24.1125545501709,0.49616862271998285,-0.1123825477021963,0.0
24.117124319076538,0.4956969628516428,-0.11347030857159804,0.0
24.121874570846558,0.4952208304928335,-0.11453891835682659,0.0
24.126495361328125,0.49474020030559146,-0.11562202007486182,0.0
24.130894422531128,0.49425509382927896,-0.11669339848234296,0.0
24.135851860046387,0.49376569531036274,-0.11770972568921283,0.0
24.140621185302734,0.49327189357129303,-0.11877998037719592,0.0
24.144956588745117,0.49277358640531604,-0.11986496529543823,0.0
24.14927911758423,0.4922709837795749,-0.12087785046038599,0.0
24.153828620910645,0.4917643896285073,-0.12181750987331133,0.0
24.158531188964844,0.49125396156587564,-0.12273114157842593,0.0
24.162901878356934,0.4907397095314113,-0.12365026853769019,0.0
24.167234659194946,0.4902218207798237,-0.12450764211421105,0.0
24.17180061340332,0.48970056986181043,-0.12529774393457954,0.0
24.17646098136902,0.48917607898477217,-0.12607116340633656,0.0
24.180862426757812,0.4886483522542641,-0.12684882992004284,0.0
24.185664176940918,0.4881175376160552,-0.1275777380250775,0.0
24.190436601638794,0.4875835682710764,-0.12834427477110766,0.0
24.194887399673462,0.4870463071412384,-0.1291421336060492,0.0
24.199260473251343,0.48650583753109716,-0.1299028941898391,0.0
24.20394229888916,0.4859623594866774,-0.13061200612101084,0.0
24.20869779586792,0.4854158721060457,-0.13133862297957988,0.0
24.21310544013977,0.4848662506690021,-0.13209931533845734,0.0
24.217551708221436,0.4843135902901802,-0.13281821243029496,0.0
24.2221941947937,0.48375803116437616,-0.13350617896336175,0.0
24.226906061172485,0.48319955986076596,-0.13420875359160012,0.0
24.23128604888916,0.48263806492906486,-0.13494212295339983,0.0
24.2359139919281,0.48207364952577136,-0.13563221726561978,0.0
24.240713596343994,0.48150631178777475,-0.13633733283553798,0.0
24.245144367218018,0.4809358656374952,-0.13709698616071428,0.0
24.249494314193726,0.48036234901497993,-0.13782631936596995,0.0
24.25414729118347,0.4797859402744701,-0.1385086859224637,0.0
24.25884509086609,0.4792066086458731,-0.13921655449073334,0.0
24.263298749923706,0.478624214584433,-0.13996057670458797,0.0
24.268139362335205,0.4780387863900648,-0.14068349171266484,0.0
24.27309823036194,0.4774501235314686,-0.14147761248042257,0.0
24.277844190597534,0.47685784763076344,-0.14236907889341865,0.0
24.282344102859497,0.47626172134031775,-0.14330404797663068,0.0
24.28722858428955,0.4756617532070734,-0.1442217811477445,0.0
24.292197227478027,0.4750577260326269,-0.1452147630854808,0.0
24.296733856201172,0.47444927303620354,-0.14630003191515129,0.0
24.301593542099,0.473836352220595,-0.1473679775791459,0.0
24.306322813034058,0.4732187917607227,-0.1484966816113917,0.0
24.31065535545349,0.4725964507408643,-0.14965022588834673,0.0
24.31497550010681,0.47196954150917114,-0.15072753874993625,0.0
24.319682836532593,0.47133838860299626,-0.15172641015774668,0.0
24.324405670166016,0.47070301148998683,-0.1527451989923151,0.0
24.32888102531433,0.470063320481417,-0.15378604906571786,0.0
24.333823442459106,0.46941942548741195,-0.15478437422437408,0.0
24.33864402770996,0.46877113124589764,-0.1558593580696531,0.0
24.343027353286743,0.4681182280155758,-0.1569759062564549,0.0
24.347492218017578,0.46746090384064304,-0.1580184256848039,0.0
24.352312803268433,0.4667993978248119,-0.15900910816615688,0.0
24.35711121559143,0.46613363465553165,-0.16004116949652936,0.0
24.361449003219604,0.46546346787214865,-0.16110630528501385,0.0
24.36587381362915,0.4647891455960374,-0.16208101764806887,0.0
24.370811223983765,0.4641109660767222,-0.16299043128405225,0.0
24.375357389450073,0.46342877071633515,-0.1639723621967971,0.0
24.379815340042114,0.4627425934960812,-0.16491924692019877,0.0
24.384778022766113,0.4620526526720945,-0.16580797181166504,0.0
24.3894362449646,0.4613587602017298,-0.16677625663040463,0.0
24.393776416778564,0.46066085278139257,-0.16773827881962647,0.0
24.398092031478882,0.4599592287145359,-0.16860693168852944,0.0
24.40281915664673,0.45925428863289675,-0.16937850555265024,0.0
24.40746259689331,0.4585460717500875,-0.17016989041643982,0.0
24.411858558654785,0.4578345683980227,-0.17095776546441255,0.0
24.41667628288269,0.4571200060632755,-0.17167401496443302,0.0
24.421431064605713,0.4564023053004333,-0.17243956180747266,0.0
24.42576003074646,0.4556813190928482,-0.1732357215743199,0.0
24.430150032043457,0.4549572966874231,-0.1739419184333314,0.0
24.4348566532135,0.4542305465777169,-0.17457938494530031,0.0
24.43949604034424,0.45350106236198456,-0.1752418098089717,0.0
24.44383978843689,0.45276879879613086,-0.17591039339428588,0.0
24.44819211959839,0.4520339922190959,-0.17650129593601707,0.0
24.452796697616577,0.45129694512839913,-0.1770212929529648,0.0
24.457493543624878,0.45055771066932704,-0.1775479183596552,0.0
24.46187448501587,0.4498161715901283,-0.17810985474021626,0.0
24.46670913696289,0.4490724671001977,-0.17861547417107154,0.0
24.471628189086914,0.4483264032404712,-0.17920193223469938,0.0
24.476027488708496,0.4475775689828544,-0.17989297294052922,0.0
24.480387449264526,0.44682601788040843,-0.18053201646909015,0.0
24.484995365142822,0.4460719939461522,-0.18111030828425603,0.0
24.48966693878174,0.4453155075771058,-0.181705523271181,0.0
24.49405074119568,0.4445564259224619,-0.18233760935388343,0.0
24.498798608779907,0.44379486652185013,-0.18291979281274387,0.0
24.503817558288574,0.44303068323659506,-0.18356537429069336,0.0
24.50828981399536,0.44226335807129163,-0.18435558117286233,0.0
24.51260232925415,0.4414928252674215,-0.1851186231778227,0.0
24.51720690727234,0.44071934755296793,-0.1858066474599742,0.0
24.521871089935303,0.43994294651363236,-0.18651276973244557,0.0
24.526211261749268,0.43916348947572126,-0.18725531481050295,0.0
24.530693292617798,0.4383811419078084,-0.1879327695865212,0.0
24.53555464744568,0.4375960276940638,-0.18859227794041583,0.0
24.540196895599365,0.4368078463872261,-0.18935391083683753,0.0
24.544596910476685,0.43601639827262184,-0.1901454113184056,0.0
24.549341678619385,0.43522180129273785,-0.19088921481812623,0.0
24.55423593521118,0.4344239073426475,-0.19169631019393019,0.0
24.558549880981445,0.4336223118753774,-0.19261176298561222,0.0
24.562966108322144,0.43281715733396586,-0.19344551608731847,0.0
24.567736625671387,0.4320086742652252,-0.19423272723425666,0.0
24.572458028793335,0.4311966958550428,-0.19508883210113107,0.0
24.576799392700195,0.43038099414170233,-0.19599492024559498,0.0
24.581119060516357,0.4295617545397758,-0.19682501551659476,0.0
24.585806846618652,0.4287393088712364,-0.19757425878225937,0.0
24.59040355682373,0.42791360911571324,-0.1983658183527396,0.0
24.59473490715027,0.4270845776119946,-0.19916812429519354,0.0
24.599042654037476,0.4262524446459289,-0.1998931573141975,0.0
24.603768587112427,0.42541754727848796,-0.20053608853444377,0.0
24.608362197875977,0.42457978282535086,-0.20123924490713957,0.0
24.612708806991577,0.4237390434711951,-0.20195682747476512,0.0
24.617329359054565,0.422895527739608,-0.2026060744347689,0.0
24.622331142425537,0.42204922363680725,-0.20328193717922902,0.0
24.626697063446045,0.4211996207764781,-0.20411225052147763,0.0
24.631016969680786,0.420346765657064,-0.20487620265572273,0.0
24.635771989822388,0.4194909765518064,-0.2055604279017844,0.0
24.64041805267334,0.4186321130701292,-0.2063161524568616,0.0
24.64474654197693,0.4177700017950861,-0.20710353765608458,0.0
24.649060487747192,0.41690485534502963,-0.2078123324255441,0.0
24.653772592544556,0.41603700734536897,-0.20844056392795665,0.0
24.658504247665405,0.4151663529858785,-0.20912918783670356,0.0
24.662898540496826,0.41429262522569266,-0.20988313394437802,0.0
24.66740131378174,0.4134159258521337,-0.21058273516789125,0.0
24.672311067581177,0.41253635638897646,-0.211267963377779,0.0
24.67674469947815,0.4116535294068572,-0.21208195857119816,0.0
24.681127071380615,0.4107674468968781,-0.21285239595843938,0.0
24.68579125404358,0.4098783428421121,-0.21356247822305896,0.0
24.690521955490112,0.4089861505292597,-0.21431402609058042,0.0
24.694926500320435,0.40809062882373753,-0.21512891490586492,0.0
24.699286699295044,0.4071918855403517,-0.21588819056862368,0.0
24.70400071144104,0.406290196426958,-0.21657776481372507,0.0
24.708603382110596,0.4053854476246404,-0.21732700633626087,0.0
24.713005781173706,0.4044775229607884,-0.21809353444063198,0.0
24.717923641204834,0.40356657901419546,-0.21880419594892173,0.0
24.722848415374756,0.4026522599032847,-0.21964735964482757,0.0
24.727190494537354,0.40173402357754595,-0.22061981207519546,0.0
24.731528759002686,0.40081201449776305,-0.22150294329438247,0.0
24.736268997192383,0.3998866028317099,-0.22229739460130174,0.0
24.7409930229187,0.3989576899054715,-0.22315297978063744,0.0
24.745328187942505,0.398025049829624,-0.22406047169626478,0.0
24.74999213218689,0.3970889244909432,-0.22487325937283964,0.0
24.754911184310913,0.39614932025708727,-0.22571557597998698,0.0
24.759320974349976,0.39520582487138134,-0.2266799705609961,0.0
24.763805627822876,0.39425854138579486,-0.22757069828669535,0.0
24.768657445907593,0.39330768515398,-0.2284170681219665,0.0
24.773310661315918,0.3923530096924886,-0.22935709683866493,0.0
24.777682542800903,0.391394373745978,-0.23031110864081092,0.0
24.78211736679077,0.3904320572986665,-0.23117086590909727,0.0
24.786836862564087,0.38946637144784474,-0.23196248991864202,0.0
24.791502475738525,0.3884972573287802,-0.23279566025667112,0.0
24.795948028564453,0.3875246135370279,-0.23364743153568734,0.0
24.800780296325684,0.38654863012426693,-0.23443218715793845,0.0
24.80558729171753,0.38556911874232014,-0.23529955065338967,0.0
24.80992555618286,0.3845857787671443,-0.23623557803708445,0.0
24.814220428466797,0.3835989004527814,-0.23705583881437603,0.0
24.818875312805176,0.38260900776809076,-0.2377470186875742,0.0
24.823508262634277,0.3816161886730451,-0.2384530762617997,0.0
24.8278489112854,0.3806204097728909,-0.23916486105215212,0.0
24.83220863342285,0.379622003391336,-0.23976839491810195,0.0
24.83686876296997,0.37862138282555424,-0.24027575720389305,0.0
24.84163236618042,0.377618566728292,-0.24080920595365576,0.0
24.846086740493774,0.3766133193503191,-0.2414093983146067,0.0
24.85087251663208,0.3756057483284241,-0.24195290095657643,0.0
24.85579514503479,0.37459567212461625,-0.24257339021356464,0.0
24.860147714614868,0.37358260864281717,-0.24332248712837407,0.0
24.864501476287842,0.37256674470364115,-0.2439689359433449,0.0
24.86914563179016,0.3715484939277602,-0.24451724216081733,0.0
24.87392497062683,0.37052788952549826,-0.24508763331828196,0.0
24.878264665603638,0.3695046711378819,-0.2457339767772013,0.0
24.88298225402832,0.3684790810346536,-0.2462774794911717,0.0
24.887792825698853,0.3674510587909333,-0.24687459577796683,0.0
24.89216423034668,0.3664202688813469,-0.247561208337106,0.0
24.896623611450195,0.3653869035774595,-0.24815646502988134,0.0
24.901329278945923,0.3643512201475966,-0.24869984716658403,0.0
24.906121969223022,0.3633131138924298,-0.24929402279732912,0.0
24.91047477722168,0.3622722672281156,-0.24997289344935067,0.0
24.9148428440094,0.3612288985348913,-0.25055365403959834,0.0
24.91970419883728,0.3601833840238097,-0.25104673031255964,0.0
24.924177646636963,0.35913544351233906,-0.25165868930858837,0.0
24.928476810455322,0.35808509308542996,-0.2522258765488529,0.0
24.93307089805603,0.3570327366749445,-0.252678730856983,0.0
24.93815565109253,0.3559784524825622,-0.2531446692349568,0.0
24.942594528198242,0.35492154907764506,-0.2538275001182651,0.0
24.94694495201111,0.35386198705995375,-0.25445064683237245,0.0
24.951646089553833,0.35280012283771967,-0.2549796383493159,0.0
24.956315994262695,0.35173587839388276,-0.2555649774620599,0.0
24.96062397956848,0.35066906551477994,-0.2561917626783605,0.0
24.96501660346985,0.34959999030012257,-0.2567067836878512,0.0
24.969812870025635,0.34852899167272194,-0.257150603374696,0.0
24.97451138496399,0.3474558230709071,-0.2576970530408719,0.0
24.97885799407959,0.3463801963642235,-0.2583014953213781,0.0
24.98338031768799,0.3453023416011731,-0.2588129943301293,0.0
24.98820686340332,0.34422240000409776,-0.2593102816763458,0.0
24.99290156364441,0.343140022772353,-0.2599239196802564,0.0
24.997277975082397,0.34205491454902137,-0.2605932895723959,0.0
